year,month,city,state,disaster_type,severity,latitude,longitude,pop_density,elevation_m,coast_km,annual_rainfall_mm,seismic_zone,affected_population,total_deaths,data_source,risk_level,season
2000,12,Chennai,Tamil Nadu,earthquake,8,13.082,80.27,7088,6,0,1400,3,654512.0,16389.0,emdat,Critical,winter
2000,8,Surat,Gujarat,flood,10,21.17,72.831,8200,13,20,1143,3,1700000.0,26.0,emdat,Critical,monsoon
2000,7,Surat,Gujarat,flood,4,21.17,72.831,8200,13,20,1143,3,63000.0,225.0,emdat,High,monsoon
2000,5,Delhi,Delhi,earthquake,4,28.704,77.102,11320,216,1400,797,4,59350.0,3.0,emdat,Medium,summer
2000,3,Delhi,Delhi,flood,4,28.704,77.102,11320,216,1400,797,4,2122.0,44.0,emdat,Medium,summer
2000,5,Kochi,Kerala,flood,4,9.931,76.267,2100,8,0,3067,3,10800.0,32.0,emdat,Medium,summer
2000,6,Kolkata,West Bengal,flood,8,22.572,88.363,24252,9,130,1582,3,520000.0,284.0,emdat,High,monsoon
2000,6,Delhi,Delhi,flood,10,28.704,77.102,11320,216,1400,797,4,10250000.0,1529.0,emdat,Critical,monsoon
2000,11,Surat,Gujarat,cyclone,4,21.17,72.831,8200,13,20,1143,3,25.0,24.0,emdat,Medium,post-monsoon
2000,3,Delhi,Delhi,heatwave,4,28.704,77.102,11320,216,1400,797,4,25000.0,733.0,emdat,High,summer
2000,5,Mumbai,Maharashtra,cyclone,4,19.076,72.877,20667,14,0,2167,3,75.0,16.0,emdat,Medium,summer
2000,10,Visakhapatnam,AP,cyclone,10,17.686,83.218,3400,45,0,1020,3,3810012.0,9.0,emdat,Critical,post-monsoon
2000,5,Kolkata,West Bengal,cyclone,10,22.572,88.363,24252,9,130,1582,3,18000000.0,90.0,emdat,Critical,summer
2000,5,Delhi,Delhi,cyclone,8,28.704,77.102,11320,216,1400,797,4,700153.0,198.0,emdat,High,summer
2000,5,Bangalore,Karnataka,cyclone,10,12.971,77.594,4381,920,340,970,2,1625000.0,19.0,emdat,Critical,summer
2000,6,Pune,Maharashtra,flood,6,18.52,73.856,5600,560,150,722,3,375000.0,1282.0,emdat,Critical,monsoon
2000,6,Delhi,Delhi,flood,4,28.704,77.102,11320,216,1400,797,4,5.0,62.0,emdat,Medium,monsoon
2000,8,Hyderabad,Telangana,flood,6,17.385,78.486,18480,542,560,812,2,252016.0,179.0,emdat,High,monsoon
2000,10,Chennai,Tamil Nadu,flood,4,13.082,80.27,7088,6,0,1400,3,200.0,20.0,emdat,Medium,post-monsoon
2000,10,Bangalore,Karnataka,flood,10,12.971,77.594,4381,920,340,970,2,2000000.0,162.0,emdat,Critical,post-monsoon
2000,6,Lucknow,UP,flood,6,26.846,80.946,2400,123,1100,890,3,300000.0,130.0,emdat,High,monsoon
2000,9,Visakhapatnam,AP,cyclone,6,17.686,83.218,3400,45,0,1020,3,150300.0,114.0,emdat,High,monsoon
2000,8,Visakhapatnam,AP,flood,10,17.686,83.218,3400,45,0,1020,3,2000000.0,185.0,emdat,Critical,monsoon
2000,6,Mumbai,Maharashtra,flood,6,19.076,72.877,20667,14,0,2167,3,200000.0,127.0,emdat,High,monsoon
2000,9,Hyderabad,Telangana,flood,4,17.385,78.486,18480,542,560,812,2,20000.0,94.0,emdat,Medium,monsoon
2000,6,Kolkata,West Bengal,flood,10,22.572,88.363,24252,9,130,1582,3,7900000.0,1063.0,emdat,Critical,monsoon
2000,9,Hyderabad,Telangana,flood,10,17.385,78.486,18480,542,560,812,2,4100000.0,355.0,emdat,Critical,monsoon
2000,7,Delhi,Delhi,flood,6,28.704,77.102,11320,216,1400,797,4,400000.0,53.0,emdat,High,monsoon
2000,9,Jaipur,Rajasthan,flood,4,26.912,75.787,6900,431,800,650,2,12500.0,0.0,emdat,Low,monsoon
2000,11,Bangalore,Karnataka,cyclone,4,12.971,77.594,4381,920,340,970,2,70000.0,40.0,emdat,Medium,post-monsoon
2000,3,Hyderabad,Telangana,cyclone,4,17.385,78.486,18480,542,560,812,2,1928.0,7.0,emdat,Low,summer
2000,7,Bhopal,MP,flood,4,23.259,77.412,3400,527,700,1146,2,100000.0,184.0,emdat,High,monsoon
2000,8,Mumbai,Maharashtra,flood,4,19.076,72.877,20667,14,0,2167,3,12.0,14.0,emdat,Medium,monsoon
2000,4,Delhi,Delhi,drought,10,28.704,77.102,11320,216,1400,797,4,50000000.0,20.0,emdat,Critical,summer
2000,6,Mumbai,Maharashtra,flood,4,19.076,72.877,20667,14,0,2167,3,4.0,28.0,emdat,Medium,monsoon
2000,8,Delhi,Delhi,flood,4,28.704,77.102,11320,216,1400,797,4,36.0,10.0,emdat,Low,monsoon
2000,4,Bangalore,Karnataka,cyclone,4,12.971,77.594,4381,920,340,970,2,5050.0,9.0,emdat,Low,summer
2000,7,Hyderabad,Telangana,flood,4,17.385,78.486,18480,542,560,812,2,10000.0,12.0,emdat,Medium,monsoon
2000,8,Lucknow,UP,flood,4,26.846,80.946,2400,123,1100,890,3,100000.0,42.0,emdat,Medium,monsoon
2000,8,Delhi,Delhi,flood,4,28.704,77.102,11320,216,1400,797,4,15000.0,76.0,emdat,Medium,monsoon
2000,9,Kolkata,West Bengal,flood,10,22.572,88.363,24252,9,130,1582,3,7200000.0,80.0,emdat,Critical,monsoon
2000,10,Chennai,Tamil Nadu,flood,4,13.082,80.27,7088,6,0,1400,3,50000.0,29.0,emdat,Medium,post-monsoon
2000,5,Kolkata,West Bengal,cyclone,10,22.572,88.363,24252,9,130,1582,3,5100000.0,96.0,emdat,Critical,summer
2000,8,Delhi,Delhi,flood,4,28.704,77.102,11320,216,1400,797,4,12725.0,196.0,emdat,High,monsoon
2000,8,Bangalore,Karnataka,flood,8,12.971,77.594,4381,920,340,970,2,700000.0,47.0,emdat,High,monsoon
2000,7,Lucknow,UP,flood,6,26.846,80.946,2400,123,1100,890,3,200000.0,19.0,emdat,High,monsoon
2000,8,Jaipur,Rajasthan,flood,4,26.912,75.787,6900,431,800,650,2,37500.0,37.0,emdat,Medium,monsoon
2000,8,Delhi,Delhi,flood,4,28.704,77.102,11320,216,1400,797,4,1200.0,30.0,emdat,Medium,monsoon
2000,5,Chennai,Tamil Nadu,flood,4,13.082,80.27,7088,6,0,1400,3,200.0,8.0,emdat,Low,summer
2000,8,Pune,Maharashtra,flood,4,18.52,73.856,5600,560,150,722,3,3000.0,37.0,emdat,Medium,monsoon
2000,9,Hyderabad,Telangana,flood,4,17.385,78.486,18480,542,560,812,2,3000.0,28.0,emdat,Medium,monsoon
2000,10,Chennai,Tamil Nadu,flood,4,13.082,80.27,7088,6,0,1400,3,4000.0,21.0,emdat,Medium,post-monsoon
2000,5,Surat,Gujarat,flood,4,21.17,72.831,8200,13,20,1143,3,11728.0,15.0,emdat,Medium,summer
2000,4,Kolkata,West Bengal,cyclone,4,22.572,88.363,24252,9,130,1582,3,22050.0,18.0,emdat,Medium,summer
2000,11,Chennai,Tamil Nadu,cyclone,6,13.082,80.27,7088,6,0,1400,3,500000.0,45.0,emdat,High,post-monsoon
2000,6,Mumbai,Maharashtra,flood,4,19.076,72.877,20667,14,0,2167,3,60.0,52.0,emdat,Medium,monsoon
2000,6,Pune,Maharashtra,cyclone,4,18.52,73.856,5600,560,150,722,3,7500.0,6.0,emdat,Low,monsoon
2000,10,Visakhapatnam,AP,cyclone,6,17.686,83.218,3400,45,0,1020,3,179000.0,7.0,emdat,Medium,post-monsoon
2000,1,Surat,Gujarat,earthquake,10,21.17,72.831,8200,13,20,1143,3,6321812.0,20005.0,emdat,Critical,winter
2000,7,Delhi,Delhi,drought,10,28.704,77.102,11320,216,1400,797,4,300000000.0,0.0,emdat,Critical,monsoon
2000,6,Ahmedabad,Gujarat,flood,6,23.022,72.571,9000,53,260,782,3,405000.0,239.0,emdat,High,monsoon
2000,7,Ahmedabad,Gujarat,flood,4,23.022,72.571,9000,53,260,782,3,8400.0,24.0,emdat,Medium,monsoon
2000,7,Surat,Gujarat,flood,10,21.17,72.831,8200,13,20,1143,3,4000065.0,350.0,emdat,Critical,monsoon
2000,6,Visakhapatnam,AP,flood,4,17.686,83.218,3400,45,0,1020,3,50000.0,29.0,emdat,Medium,monsoon
2000,11,Chennai,Tamil Nadu,flood,8,13.082,80.27,7088,6,0,1400,3,803740.0,54.0,emdat,High,post-monsoon
2000,5,Chennai,Tamil Nadu,flood,4,13.082,80.27,7088,6,0,1400,3,50000.0,27.0,emdat,Medium,summer
2000,9,Lucknow,UP,flood,10,26.846,80.946,2400,123,1100,890,3,3267183.0,200.0,emdat,Critical,monsoon
2000,9,Delhi,Delhi,flood,4,28.704,77.102,11320,216,1400,797,4,200.0,45.0,emdat,Medium,monsoon
2000,8,Bhopal,MP,flood,4,23.259,77.412,3400,527,700,1146,2,40000.0,73.0,emdat,Medium,monsoon
2000,5,Delhi,Delhi,cyclone,4,28.704,77.102,11320,216,1400,797,4,26.0,15.0,emdat,Medium,summer
2000,8,Visakhapatnam,AP,flood,10,17.686,83.218,3400,45,0,1020,3,3600000.0,47.0,emdat,Critical,monsoon
2000,11,Chennai,Tamil Nadu,flood,10,13.082,80.27,7088,6,0,1400,3,1801000.0,325.0,emdat,Critical,post-monsoon
2000,9,Bhubaneswar,Odisha,flood,10,20.296,85.824,3500,45,120,1500,3,3443989.0,239.0,emdat,Critical,monsoon
2000,8,Kolkata,West Bengal,flood,10,22.572,88.363,24252,9,130,1582,3,5549080.0,204.0,emdat,Critical,monsoon
2000,6,Delhi,Delhi,flood,8,28.704,77.102,11320,216,1400,797,4,504473.0,6054.0,emdat,Critical,monsoon
2000,4,Lucknow,UP,earthquake,4,26.846,80.946,2400,123,1100,890,3,560.0,78.0,emdat,Medium,summer
2000,6,Surat,Gujarat,flood,4,21.17,72.831,8200,13,20,1143,3,9000.0,81.0,emdat,Medium,monsoon
2000,7,Lucknow,UP,flood,10,26.846,80.946,2400,123,1100,890,3,13709887.0,293.0,emdat,Critical,monsoon
2000,10,Delhi,Delhi,earthquake,4,28.704,77.102,11320,216,1400,797,4,10.0,0.0,emdat,Low,post-monsoon
2000,5,Jaipur,Rajasthan,cyclone,4,26.912,75.787,6900,431,800,650,2,1970.0,0.0,emdat,Low,summer
2000,7,Visakhapatnam,AP,flood,4,17.686,83.218,3400,45,0,1020,3,41430.0,20.0,emdat,Medium,monsoon
2000,5,Visakhapatnam,AP,cyclone,10,17.686,83.218,3400,45,0,1020,3,20000000.0,50.0,emdat,Critical,summer
2000,10,Hyderabad,Telangana,flood,6,17.385,78.486,18480,542,560,812,2,150000.0,152.0,emdat,High,post-monsoon
2000,11,Bangalore,Karnataka,flood,4,12.971,77.594,4381,920,340,970,2,8.0,70.0,emdat,Medium,post-monsoon
2000,3,Bangalore,Karnataka,flood,4,12.971,77.594,4381,920,340,970,2,10278.0,37.0,emdat,Medium,summer
2000,7,Kochi,Kerala,flood,4,9.931,76.267,2100,8,0,3067,3,35000.0,44.0,emdat,Medium,monsoon
2000,8,Bhubaneswar,Odisha,flood,6,20.296,85.824,3500,45,120,1500,3,500000.0,15.0,emdat,High,monsoon
2000,7,Kolkata,West Bengal,flood,10,22.572,88.363,24252,9,130,1582,3,18700000.0,1103.0,emdat,Critical,monsoon
2000,7,Mumbai,Maharashtra,flood,4,19.076,72.877,20667,14,0,2167,3,10000.0,62.0,emdat,Medium,monsoon
2000,10,Chennai,Tamil Nadu,flood,6,13.082,80.27,7088,6,0,1400,3,225000.0,47.0,emdat,High,post-monsoon
2000,5,Kolkata,West Bengal,cyclone,4,22.572,88.363,24252,9,130,1582,3,20.0,11.0,emdat,Medium,summer
2000,12,Ahmedabad,Gujarat,earthquake,4,23.971,69.763,9000,53,260,782,3,60000.0,0.0,usgs,Medium,winter
2001,1,Ahmedabad,Gujarat,earthquake,10,23.419,70.232,9000,53,260,782,3,1500000.0,0.0,usgs,Critical,winter
2001,2,Ahmedabad,Gujarat,earthquake,6,23.568,70.072,9000,53,260,782,3,220000.0,0.0,usgs,High,winter
2001,3,Ahmedabad,Gujarat,earthquake,4,23.393,70.105,9000,53,260,782,3,60000.0,0.0,usgs,Medium,summer
2001,4,Ahmedabad,Gujarat,earthquake,4,23.52,70.548,9000,53,260,782,3,60000.0,0.0,usgs,Medium,summer
2001,5,Ahmedabad,Gujarat,earthquake,4,23.376,70.213,9000,53,260,782,3,60000.0,0.0,usgs,Medium,summer
2001,6,Ahmedabad,Gujarat,earthquake,4,23.365,70.06,9000,53,260,782,3,60000.0,0.0,usgs,Medium,monsoon
2001,7,Ahmedabad,Gujarat,earthquake,4,23.725,70.208,9000,53,260,782,3,60000.0,0.0,usgs,Medium,monsoon
2001,8,Ahmedabad,Gujarat,earthquake,4,22.979,70.543,9000,53,260,782,3,60000.0,0.0,usgs,Medium,monsoon
2001,9,Ahmedabad,Gujarat,earthquake,4,23.468,70.075,9000,53,260,782,3,60000.0,0.0,usgs,Medium,monsoon
2001,10,Ahmedabad,Gujarat,earthquake,4,23.766,70.086,9000,53,260,782,3,60000.0,0.0,usgs,Medium,post-monsoon
2001,11,Ahmedabad,Gujarat,earthquake,4,23.615,70.414,9000,53,260,782,3,60000.0,0.0,usgs,Medium,post-monsoon
2001,12,Ahmedabad,Gujarat,earthquake,4,23.765,70.051,9000,53,260,782,3,60000.0,0.0,usgs,Medium,winter
2002,1,Ahmedabad,Gujarat,earthquake,4,23.148,69.757,9000,53,260,782,3,60000.0,0.0,usgs,Medium,winter
2002,3,Ahmedabad,Gujarat,earthquake,4,23.483,70.345,9000,53,260,782,3,60000.0,0.0,usgs,Medium,summer
2002,4,Ahmedabad,Gujarat,earthquake,4,23.393,70.024,9000,53,260,782,3,60000.0,0.0,usgs,Medium,summer
2002,8,Ahmedabad,Gujarat,earthquake,4,23.409,70.306,9000,53,260,782,3,60000.0,0.0,usgs,Medium,monsoon
2003,1,Ahmedabad,Gujarat,earthquake,4,23.149,70.636,9000,53,260,782,3,60000.0,0.0,usgs,Medium,winter
2003,2,Ahmedabad,Gujarat,earthquake,4,23.386,70.218,9000,53,260,782,3,60000.0,0.0,usgs,Medium,winter
2003,8,Ahmedabad,Gujarat,earthquake,6,23.689,70.435,9000,53,260,782,3,220000.0,0.0,usgs,High,monsoon
2003,9,Ahmedabad,Gujarat,earthquake,2,23.886,69.588,9000,53,260,782,3,5000.0,0.0,usgs,Low,monsoon
2003,10,Ahmedabad,Gujarat,earthquake,4,23.375,69.916,9000,53,260,782,3,60000.0,0.0,usgs,Medium,post-monsoon
2004,4,Ahmedabad,Gujarat,earthquake,4,22.418,70.474,9000,53,260,782,3,60000.0,0.0,usgs,Medium,summer
2004,7,Ahmedabad,Gujarat,earthquake,2,23.905,71.57,9000,53,260,782,3,5000.0,0.0,usgs,Low,monsoon
2004,8,Ahmedabad,Gujarat,earthquake,2,23.457,70.512,9000,53,260,782,3,5000.0,0.0,usgs,Low,monsoon
2006,2,Ahmedabad,Gujarat,earthquake,4,23.827,70.559,9000,53,260,782,3,60000.0,0.0,usgs,Medium,winter
2006,3,Ahmedabad,Gujarat,earthquake,6,23.777,70.899,9000,53,260,782,3,220000.0,0.0,usgs,High,summer
2006,4,Ahmedabad,Gujarat,earthquake,6,23.322,70.477,9000,53,260,782,3,220000.0,0.0,usgs,High,summer
2006,5,Ahmedabad,Gujarat,earthquake,4,23.144,70.196,9000,53,260,782,3,60000.0,0.0,usgs,Medium,summer
2006,6,Ahmedabad,Gujarat,earthquake,4,23.462,70.116,9000,53,260,782,3,60000.0,0.0,usgs,Medium,monsoon
2006,8,Ahmedabad,Gujarat,earthquake,4,23.26,70.72,9000,53,260,782,3,60000.0,0.0,usgs,Medium,monsoon
2007,4,Ahmedabad,Gujarat,earthquake,4,23.083,70.187,9000,53,260,782,3,60000.0,0.0,usgs,Medium,summer
2007,7,Ahmedabad,Gujarat,earthquake,4,23.641,70.639,9000,53,260,782,3,60000.0,0.0,usgs,Medium,monsoon
2007,10,Ahmedabad,Gujarat,earthquake,4,23.104,69.983,9000,53,260,782,3,60000.0,0.0,usgs,Medium,post-monsoon
2008,3,Ahmedabad,Gujarat,earthquake,4,25.142,70.66,9000,53,260,782,3,60000.0,0.0,usgs,Medium,summer
2008,4,Ahmedabad,Gujarat,earthquake,2,23.147,70.445,9000,53,260,782,3,5000.0,0.0,usgs,Low,summer
2009,4,Ahmedabad,Gujarat,earthquake,6,27.143,70.749,9000,53,260,782,3,220000.0,0.0,usgs,High,summer
2009,9,Ahmedabad,Gujarat,earthquake,4,23.123,70.249,9000,53,260,782,3,60000.0,0.0,usgs,Medium,monsoon
2009,10,Ahmedabad,Gujarat,earthquake,4,23.65,69.843,9000,53,260,782,3,60000.0,0.0,usgs,Medium,post-monsoon
2010,9,Ahmedabad,Gujarat,earthquake,4,23.625,71.898,9000,53,260,782,3,60000.0,0.0,usgs,Medium,monsoon
2010,11,Ahmedabad,Gujarat,earthquake,4,25.23,73.649,9000,53,260,782,3,60000.0,0.0,usgs,Medium,post-monsoon
2011,8,Ahmedabad,Gujarat,earthquake,4,23.321,70.242,9000,53,260,782,3,60000.0,0.0,usgs,Medium,monsoon
2012,4,Ahmedabad,Gujarat,earthquake,4,23.239,70.439,9000,53,260,782,3,60000.0,0.0,usgs,Medium,summer
2012,6,Ahmedabad,Gujarat,earthquake,6,23.647,70.252,9000,53,260,782,3,220000.0,0.0,usgs,High,monsoon
2012,12,Ahmedabad,Gujarat,earthquake,4,22.96,70.302,9000,53,260,782,3,60000.0,0.0,usgs,Medium,winter
2013,3,Ahmedabad,Gujarat,earthquake,4,24.362,68.572,9000,53,260,782,3,60000.0,0.0,usgs,Medium,summer
2013,7,Ahmedabad,Gujarat,earthquake,4,23.2863,70.4026,9000,53,260,782,3,60000.0,0.0,usgs,Medium,monsoon
2015,10,Ahmedabad,Gujarat,earthquake,4,24.0615,70.2017,9000,53,260,782,3,60000.0,0.0,usgs,Medium,post-monsoon
2018,3,Ahmedabad,Gujarat,earthquake,4,23.1716,70.4448,9000,53,260,782,3,60000.0,0.0,usgs,Medium,summer
2019,6,Ahmedabad,Gujarat,earthquake,4,24.537,72.7357,9000,53,260,782,3,60000.0,0.0,usgs,Medium,monsoon
2019,11,Ahmedabad,Gujarat,earthquake,4,23.5799,70.4585,9000,53,260,782,3,60000.0,0.0,usgs,Medium,post-monsoon
2020,5,Ahmedabad,Gujarat,earthquake,4,22.1166,68.963,9000,53,260,782,3,60000.0,0.0,usgs,Medium,summer
2020,6,Ahmedabad,Gujarat,earthquake,6,23.3821,70.3548,9000,53,260,782,3,220000.0,0.0,usgs,High,monsoon
2020,7,Ahmedabad,Gujarat,earthquake,4,22.2558,70.9928,9000,53,260,782,3,60000.0,0.0,usgs,Medium,monsoon
2021,11,Ahmedabad,Gujarat,earthquake,4,25.1721,72.5323,9000,53,260,782,3,60000.0,0.0,usgs,Medium,post-monsoon
2024,11,Ahmedabad,Gujarat,earthquake,4,23.6308,72.0385,9000,53,260,782,3,60000.0,0.0,usgs,Medium,post-monsoon
2000,10,Bhopal,MP,earthquake,4,23.28,80.3,3400,527,700,1146,2,60000.0,0.0,usgs,Medium,post-monsoon
2020,11,Bhopal,MP,earthquake,4,22.1407,79.6342,3400,527,700,1146,2,60000.0,0.0,usgs,Medium,post-monsoon
2022,11,Bhopal,MP,earthquake,4,23.0012,80.1303,3400,527,700,1146,2,60000.0,0.0,usgs,Medium,post-monsoon
2024,9,Bhopal,MP,earthquake,4,21.343,77.2016,3400,527,700,1146,2,60000.0,0.0,usgs,Medium,monsoon
2000,10,Bhubaneswar,Odisha,earthquake,4,23.08,82.728,3500,45,120,1500,3,60000.0,0.0,usgs,Medium,post-monsoon
2001,6,Bhubaneswar,Odisha,earthquake,4,22.223,83.948,3500,45,120,1500,3,60000.0,0.0,usgs,Medium,monsoon
2009,3,Bhubaneswar,Odisha,earthquake,4,22.399,85.903,3500,45,120,1500,3,60000.0,0.0,usgs,Medium,summer
2014,5,Bhubaneswar,Odisha,earthquake,8,18.2012,88.0376,3500,45,120,1500,3,900000.0,0.0,usgs,High,summer
2021,6,Bhubaneswar,Odisha,earthquake,2,21.0204,85.0848,3500,45,120,1500,3,5000.0,0.0,usgs,Low,monsoon
2001,9,Chennai,Tamil Nadu,earthquake,6,11.956,80.214,7088,6,0,1400,3,220000.0,0.0,usgs,High,monsoon
2021,8,Chennai,Tamil Nadu,earthquake,6,14.4654,83.0456,7088,6,0,1400,3,220000.0,0.0,usgs,High,monsoon
2000,1,Delhi,Delhi,earthquake,4,33.53,76.484,11320,216,1400,797,4,60000.0,0.0,usgs,Medium,winter
2000,2,Delhi,Delhi,earthquake,2,31.32,77.099,11320,216,1400,797,4,5000.0,0.0,usgs,Low,winter
2000,4,Delhi,Delhi,earthquake,4,31.601,78.305,11320,216,1400,797,4,60000.0,0.0,usgs,Medium,summer
2000,5,Delhi,Delhi,earthquake,2,33.406,78.558,11320,216,1400,797,4,5000.0,0.0,usgs,Low,summer
2000,6,Delhi,Delhi,earthquake,4,32.024,78.437,11320,216,1400,797,4,60000.0,0.0,usgs,Medium,monsoon
2000,7,Delhi,Delhi,earthquake,4,32.101,78.442,11320,216,1400,797,4,60000.0,0.0,usgs,Medium,monsoon
2000,8,Delhi,Delhi,earthquake,4,32.001,78.407,11320,216,1400,797,4,60000.0,0.0,usgs,Medium,monsoon
2000,9,Delhi,Delhi,earthquake,4,33.377,75.614,11320,216,1400,797,4,60000.0,0.0,usgs,Medium,monsoon
2000,10,Delhi,Delhi,earthquake,4,31.732,73.532,11320,216,1400,797,4,60000.0,0.0,usgs,Medium,post-monsoon
2000,11,Delhi,Delhi,earthquake,2,31.181,77.949,11320,216,1400,797,4,5000.0,0.0,usgs,Low,post-monsoon
2000,12,Delhi,Delhi,earthquake,2,32.538,76.894,11320,216,1400,797,4,5000.0,0.0,usgs,Low,winter
2001,1,Delhi,Delhi,earthquake,2,32.884,76.376,11320,216,1400,797,4,5000.0,0.0,usgs,Low,winter
2001,2,Delhi,Delhi,earthquake,4,30.998,78.066,11320,216,1400,797,4,60000.0,0.0,usgs,Medium,winter
2001,3,Delhi,Delhi,earthquake,4,30.406,79.022,11320,216,1400,797,4,60000.0,0.0,usgs,Medium,summer
2001,4,Delhi,Delhi,earthquake,2,28.588,76.841,11320,216,1400,797,4,5000.0,0.0,usgs,Low,summer
2001,6,Delhi,Delhi,earthquake,4,32.479,78.31,11320,216,1400,797,4,60000.0,0.0,usgs,Medium,monsoon
2001,7,Delhi,Delhi,earthquake,4,31.283,73.109,11320,216,1400,797,4,60000.0,0.0,usgs,Medium,monsoon
2001,8,Delhi,Delhi,earthquake,4,30.486,79.167,11320,216,1400,797,4,60000.0,0.0,usgs,Medium,monsoon
2001,9,Delhi,Delhi,earthquake,4,33.265,75.738,11320,216,1400,797,4,60000.0,0.0,usgs,Medium,monsoon
2001,10,Delhi,Delhi,earthquake,4,32.564,76.065,11320,216,1400,797,4,60000.0,0.0,usgs,Medium,post-monsoon
2002,1,Delhi,Delhi,earthquake,6,33.123,75.91,11320,216,1400,797,4,220000.0,0.0,usgs,High,winter
2002,2,Delhi,Delhi,earthquake,2,31.351,73.74,11320,216,1400,797,4,5000.0,0.0,usgs,Low,winter
2002,3,Delhi,Delhi,earthquake,4,32.948,76.213,11320,216,1400,797,4,60000.0,0.0,usgs,Medium,summer
2002,9,Delhi,Delhi,earthquake,4,31.23,77.76,11320,216,1400,797,4,60000.0,0.0,usgs,Medium,monsoon
2002,10,Delhi,Delhi,earthquake,4,31.73,77.21,11320,216,1400,797,4,60000.0,0.0,usgs,Medium,post-monsoon
2003,3,Delhi,Delhi,earthquake,4,31.519,78.62,11320,216,1400,797,4,60000.0,0.0,usgs,Medium,summer
2003,4,Delhi,Delhi,earthquake,4,32.874,76.761,11320,216,1400,797,4,60000.0,0.0,usgs,Medium,summer
2003,5,Delhi,Delhi,earthquake,4,30.383,79.087,11320,216,1400,797,4,60000.0,0.0,usgs,Medium,summer
2003,8,Delhi,Delhi,earthquake,4,31.007,73.437,11320,216,1400,797,4,60000.0,0.0,usgs,Medium,monsoon
2003,12,Delhi,Delhi,earthquake,4,32.548,76.626,11320,216,1400,797,4,60000.0,0.0,usgs,Medium,winter
2004,2,Delhi,Delhi,earthquake,2,33.005,78.874,11320,216,1400,797,4,5000.0,0.0,usgs,Low,winter
2004,4,Delhi,Delhi,earthquake,4,28.858,78.418,11320,216,1400,797,4,60000.0,0.0,usgs,Medium,summer
2004,7,Delhi,Delhi,earthquake,4,29.25,77.23,11320,216,1400,797,4,60000.0,0.0,usgs,Medium,monsoon
2004,8,Delhi,Delhi,earthquake,4,31.246,72.804,11320,216,1400,797,4,60000.0,0.0,usgs,Medium,monsoon
2004,9,Delhi,Delhi,earthquake,2,29.97,79.671,11320,216,1400,797,4,5000.0,0.0,usgs,Low,monsoon
2004,11,Delhi,Delhi,earthquake,4,32.22,76.409,11320,216,1400,797,4,60000.0,0.0,usgs,Medium,post-monsoon
2005,2,Delhi,Delhi,earthquake,4,32.534,76.624,11320,216,1400,797,4,60000.0,0.0,usgs,Medium,winter
2005,4,Delhi,Delhi,earthquake,4,32.671,76.41,11320,216,1400,797,4,60000.0,0.0,usgs,Medium,summer
2005,5,Delhi,Delhi,earthquake,2,31.126,78.522,11320,216,1400,797,4,5000.0,0.0,usgs,Low,summer
2005,7,Delhi,Delhi,earthquake,4,32.729,76.312,11320,216,1400,797,4,60000.0,0.0,usgs,Medium,monsoon
2005,8,Delhi,Delhi,earthquake,4,30.924,78.56,11320,216,1400,797,4,60000.0,0.0,usgs,Medium,monsoon
2005,9,Delhi,Delhi,earthquake,4,30.406,79.151,11320,216,1400,797,4,60000.0,0.0,usgs,Medium,monsoon
2005,10,Delhi,Delhi,earthquake,4,33.078,76.208,11320,216,1400,797,4,60000.0,0.0,usgs,Medium,post-monsoon
2005,11,Delhi,Delhi,earthquake,2,29.962,79.967,11320,216,1400,797,4,5000.0,0.0,usgs,Low,post-monsoon
2005,12,Delhi,Delhi,earthquake,6,30.476,79.255,11320,216,1400,797,4,220000.0,0.0,usgs,High,winter
2006,1,Delhi,Delhi,earthquake,4,32.791,78.581,11320,216,1400,797,4,60000.0,0.0,usgs,Medium,winter
2006,2,Delhi,Delhi,earthquake,2,30.298,80.119,11320,216,1400,797,4,5000.0,0.0,usgs,Low,winter
2006,3,Delhi,Delhi,earthquake,2,28.976,76.606,11320,216,1400,797,4,5000.0,0.0,usgs,Low,summer
2006,4,Delhi,Delhi,earthquake,2,32.569,76.664,11320,216,1400,797,4,5000.0,0.0,usgs,Low,summer
2006,5,Delhi,Delhi,earthquake,6,33.148,76.241,11320,216,1400,797,4,220000.0,0.0,usgs,High,summer
2006,6,Delhi,Delhi,earthquake,2,32.729,76.198,11320,216,1400,797,4,5000.0,0.0,usgs,Low,monsoon
2006,7,Delhi,Delhi,earthquake,4,31.642,78.038,11320,216,1400,797,4,60000.0,0.0,usgs,Medium,monsoon
2006,9,Delhi,Delhi,earthquake,4,33.227,75.493,11320,216,1400,797,4,60000.0,0.0,usgs,Medium,monsoon
2006,10,Delhi,Delhi,earthquake,4,29.875,80.035,11320,216,1400,797,4,60000.0,0.0,usgs,Medium,post-monsoon
2006,12,Delhi,Delhi,earthquake,4,31.507,77.027,11320,216,1400,797,4,60000.0,0.0,usgs,Medium,winter
2007,1,Delhi,Delhi,earthquake,2,31.31,80.096,11320,216,1400,797,4,5000.0,0.0,usgs,Low,winter
2007,2,Delhi,Delhi,earthquake,4,31.373,77.752,11320,216,1400,797,4,60000.0,0.0,usgs,Medium,winter
2007,3,Delhi,Delhi,earthquake,2,31.012,78.212,11320,216,1400,797,4,5000.0,0.0,usgs,Low,summer
2007,6,Delhi,Delhi,earthquake,4,32.112,76.823,11320,216,1400,797,4,60000.0,0.0,usgs,Medium,monsoon
2007,7,Delhi,Delhi,earthquake,6,30.881,78.239,11320,216,1400,797,4,220000.0,0.0,usgs,High,monsoon
2007,8,Delhi,Delhi,earthquake,4,31.343,80.155,11320,216,1400,797,4,60000.0,0.0,usgs,Medium,monsoon
2007,10,Delhi,Delhi,earthquake,4,27.794,77.614,11320,216,1400,797,4,60000.0,0.0,usgs,Medium,post-monsoon
2007,11,Delhi,Delhi,earthquake,4,28.555,77.057,11320,216,1400,797,4,60000.0,0.0,usgs,Medium,post-monsoon
2008,1,Delhi,Delhi,earthquake,2,31.633,76.715,11320,216,1400,797,4,5000.0,0.0,usgs,Low,winter
2008,3,Delhi,Delhi,earthquake,2,32.608,76.061,11320,216,1400,797,4,5000.0,0.0,usgs,Low,summer
2008,4,Delhi,Delhi,earthquake,2,31.49,74.633,11320,216,1400,797,4,5000.0,0.0,usgs,Low,summer
2008,5,Delhi,Delhi,earthquake,4,33.06,76.116,11320,216,1400,797,4,60000.0,0.0,usgs,Medium,summer
2008,6,Delhi,Delhi,earthquake,4,32.97,76.371,11320,216,1400,797,4,60000.0,0.0,usgs,Medium,monsoon
2008,7,Delhi,Delhi,earthquake,2,33.467,75.942,11320,216,1400,797,4,5000.0,0.0,usgs,Low,monsoon
2008,8,Delhi,Delhi,earthquake,4,30.077,80.013,11320,216,1400,797,4,60000.0,0.0,usgs,Medium,monsoon
2008,9,Delhi,Delhi,earthquake,2,32.581,76.381,11320,216,1400,797,4,5000.0,0.0,usgs,Low,monsoon
2008,10,Delhi,Delhi,earthquake,4,31.655,77.465,11320,216,1400,797,4,60000.0,0.0,usgs,Medium,post-monsoon
2008,12,Delhi,Delhi,earthquake,2,31.844,79.753,11320,216,1400,797,4,5000.0,0.0,usgs,Low,winter
2009,1,Delhi,Delhi,earthquake,4,31.807,78.343,11320,216,1400,797,4,60000.0,0.0,usgs,Medium,winter
2009,5,Delhi,Delhi,earthquake,4,33.198,75.787,11320,216,1400,797,4,60000.0,0.0,usgs,Medium,summer
2009,6,Delhi,Delhi,earthquake,2,32.931,76.177,11320,216,1400,797,4,5000.0,0.0,usgs,Low,monsoon
2009,7,Delhi,Delhi,earthquake,4,32.716,76.709,11320,216,1400,797,4,60000.0,0.0,usgs,Medium,monsoon
2009,9,Delhi,Delhi,earthquake,6,30.879,79.057,11320,216,1400,797,4,220000.0,0.0,usgs,High,monsoon
2009,10,Delhi,Delhi,earthquake,4,29.996,79.849,11320,216,1400,797,4,60000.0,0.0,usgs,Medium,post-monsoon
2010,2,Delhi,Delhi,earthquake,4,30.069,80.034,11320,216,1400,797,4,60000.0,0.0,usgs,Medium,winter
2010,3,Delhi,Delhi,earthquake,4,31.677,76.105,11320,216,1400,797,4,60000.0,0.0,usgs,Medium,summer
2010,5,Delhi,Delhi,earthquake,6,31.135,77.839,11320,216,1400,797,4,220000.0,0.0,usgs,High,summer
2010,6,Delhi,Delhi,earthquake,4,33.243,76.297,11320,216,1400,797,4,60000.0,0.0,usgs,Medium,monsoon
2010,7,Delhi,Delhi,earthquake,4,30.075,79.608,11320,216,1400,797,4,60000.0,0.0,usgs,Medium,monsoon
2011,4,Delhi,Delhi,earthquake,4,33.047,76.817,11320,216,1400,797,4,60000.0,0.0,usgs,Medium,summer
2011,6,Delhi,Delhi,earthquake,4,30.61,79.338,11320,216,1400,797,4,60000.0,0.0,usgs,Medium,monsoon
2011,7,Delhi,Delhi,earthquake,4,33.32,75.998,11320,216,1400,797,4,60000.0,0.0,usgs,Medium,monsoon
2011,8,Delhi,Delhi,earthquake,6,33.095,76.858,11320,216,1400,797,4,220000.0,0.0,usgs,High,monsoon
2011,9,Delhi,Delhi,earthquake,4,28.724,77.189,11320,216,1400,797,4,60000.0,0.0,usgs,Medium,monsoon
2011,10,Delhi,Delhi,earthquake,4,32.939,75.811,11320,216,1400,797,4,60000.0,0.0,usgs,Medium,post-monsoon
2012,2,Delhi,Delhi,earthquake,6,30.986,78.282,11320,216,1400,797,4,220000.0,0.0,usgs,High,winter
2012,3,Delhi,Delhi,earthquake,6,28.809,76.649,11320,216,1400,797,4,220000.0,0.0,usgs,High,summer
2012,6,Delhi,Delhi,earthquake,4,28.728,76.685,11320,216,1400,797,4,60000.0,0.0,usgs,Medium,monsoon
2012,7,Delhi,Delhi,earthquake,4,33.466,76.105,11320,216,1400,797,4,60000.0,0.0,usgs,Medium,monsoon
2012,10,Delhi,Delhi,earthquake,4,31.832,78.444,11320,216,1400,797,4,60000.0,0.0,usgs,Medium,post-monsoon
2012,11,Delhi,Delhi,earthquake,4,30.9,78.422,11320,216,1400,797,4,60000.0,0.0,usgs,Medium,post-monsoon
2013,2,Delhi,Delhi,earthquake,4,30.969,78.268,11320,216,1400,797,4,60000.0,0.0,usgs,Medium,winter
2013,4,Delhi,Delhi,earthquake,4,33.152,75.741,11320,216,1400,797,4,60000.0,0.0,usgs,Medium,summer
2013,5,Delhi,Delhi,earthquake,6,33.061,75.863,11320,216,1400,797,4,220000.0,0.0,usgs,High,summer
2013,6,Delhi,Delhi,earthquake,4,32.907,76.286,11320,216,1400,797,4,60000.0,0.0,usgs,Medium,monsoon
2013,7,Delhi,Delhi,earthquake,6,32.765,78.197,11320,216,1400,797,4,220000.0,0.0,usgs,High,monsoon
2013,8,Delhi,Delhi,earthquake,6,33.2967,75.9504,11320,216,1400,797,4,220000.0,0.0,usgs,High,monsoon
2013,9,Delhi,Delhi,earthquake,4,33.2221,75.404,11320,216,1400,797,4,60000.0,0.0,usgs,Medium,monsoon
2013,10,Delhi,Delhi,earthquake,4,33.1049,75.9359,11320,216,1400,797,4,60000.0,0.0,usgs,Medium,post-monsoon
2013,11,Delhi,Delhi,earthquake,4,31.726,76.1301,11320,216,1400,797,4,60000.0,0.0,usgs,Medium,post-monsoon
2013,12,Delhi,Delhi,earthquake,4,32.8918,78.6622,11320,216,1400,797,4,60000.0,0.0,usgs,Medium,winter
2014,2,Delhi,Delhi,earthquake,4,30.0104,76.1747,11320,216,1400,797,4,60000.0,0.0,usgs,Medium,winter
2014,3,Delhi,Delhi,earthquake,4,31.565,73.8172,11320,216,1400,797,4,60000.0,0.0,usgs,Medium,summer
2014,6,Delhi,Delhi,earthquake,6,33.292,75.5807,11320,216,1400,797,4,220000.0,0.0,usgs,High,monsoon
2014,7,Delhi,Delhi,earthquake,4,33.1264,76.3749,11320,216,1400,797,4,60000.0,0.0,usgs,Medium,monsoon
2014,8,Delhi,Delhi,earthquake,4,30.0384,79.9591,11320,216,1400,797,4,60000.0,0.0,usgs,Medium,monsoon
2014,11,Delhi,Delhi,earthquake,4,32.9378,76.059,11320,216,1400,797,4,60000.0,0.0,usgs,Medium,post-monsoon
2014,12,Delhi,Delhi,earthquake,4,30.6685,80.0267,11320,216,1400,797,4,60000.0,0.0,usgs,Medium,winter
2015,2,Delhi,Delhi,earthquake,4,31.3449,80.3877,11320,216,1400,797,4,60000.0,0.0,usgs,Medium,winter
2015,4,Delhi,Delhi,earthquake,4,30.3521,79.5107,11320,216,1400,797,4,60000.0,0.0,usgs,Medium,summer
2015,7,Delhi,Delhi,earthquake,4,30.4476,79.1538,11320,216,1400,797,4,60000.0,0.0,usgs,Medium,monsoon
2015,10,Delhi,Delhi,earthquake,4,31.5958,76.9677,11320,216,1400,797,4,60000.0,0.0,usgs,Medium,post-monsoon
2015,11,Delhi,Delhi,earthquake,4,31.373,78.7325,11320,216,1400,797,4,60000.0,0.0,usgs,Medium,post-monsoon
2016,2,Delhi,Delhi,earthquake,4,32.9944,76.0777,11320,216,1400,797,4,60000.0,0.0,usgs,Medium,winter
2016,5,Delhi,Delhi,earthquake,4,33.0759,76.0936,11320,216,1400,797,4,60000.0,0.0,usgs,Medium,summer
2016,7,Delhi,Delhi,earthquake,4,31.3474,74.4464,11320,216,1400,797,4,60000.0,0.0,usgs,Medium,monsoon
2016,8,Delhi,Delhi,earthquake,4,31.2127,77.7742,11320,216,1400,797,4,60000.0,0.0,usgs,Medium,monsoon
2016,9,Delhi,Delhi,earthquake,4,28.7684,76.5733,11320,216,1400,797,4,60000.0,0.0,usgs,Medium,monsoon
2016,11,Delhi,Delhi,earthquake,4,28.0012,76.7017,11320,216,1400,797,4,60000.0,0.0,usgs,Medium,post-monsoon
2017,2,Delhi,Delhi,earthquake,6,30.6544,79.1645,11320,216,1400,797,4,220000.0,0.0,usgs,High,winter
2017,5,Delhi,Delhi,earthquake,4,33.2999,75.9276,11320,216,1400,797,4,60000.0,0.0,usgs,Medium,summer
2017,6,Delhi,Delhi,earthquake,4,28.9744,76.7797,11320,216,1400,797,4,60000.0,0.0,usgs,Medium,monsoon
2017,8,Delhi,Delhi,earthquake,4,32.8724,76.2437,11320,216,1400,797,4,60000.0,0.0,usgs,Medium,monsoon
2017,10,Delhi,Delhi,earthquake,4,31.9508,77.4341,11320,216,1400,797,4,60000.0,0.0,usgs,Medium,post-monsoon
2017,12,Delhi,Delhi,earthquake,6,30.6339,79.1601,11320,216,1400,797,4,220000.0,0.0,usgs,High,winter
2018,3,Delhi,Delhi,earthquake,4,33.0311,76.0989,11320,216,1400,797,4,60000.0,0.0,usgs,Medium,summer
2018,4,Delhi,Delhi,earthquake,4,31.2589,80.4048,11320,216,1400,797,4,60000.0,0.0,usgs,Medium,summer
2018,5,Delhi,Delhi,earthquake,4,31.7412,78.4799,11320,216,1400,797,4,60000.0,0.0,usgs,Medium,summer
2018,6,Delhi,Delhi,earthquake,4,32.5602,76.3615,11320,216,1400,797,4,60000.0,0.0,usgs,Medium,monsoon
2018,7,Delhi,Delhi,earthquake,4,29.0928,76.9296,11320,216,1400,797,4,60000.0,0.0,usgs,Medium,monsoon
2018,9,Delhi,Delhi,earthquake,4,28.6531,76.8101,11320,216,1400,797,4,60000.0,0.0,usgs,Medium,monsoon
2019,2,Delhi,Delhi,earthquake,4,29.3387,77.3166,11320,216,1400,797,4,60000.0,0.0,usgs,Medium,winter
2019,7,Delhi,Delhi,earthquake,4,32.8856,76.7183,11320,216,1400,797,4,60000.0,0.0,usgs,Medium,monsoon
2019,9,Delhi,Delhi,earthquake,4,32.9804,76.181,11320,216,1400,797,4,60000.0,0.0,usgs,Medium,monsoon
2020,2,Delhi,Delhi,earthquake,6,32.9752,76.2474,11320,216,1400,797,4,220000.0,0.0,usgs,High,winter
2020,3,Delhi,Delhi,earthquake,4,32.9731,76.4202,11320,216,1400,797,4,60000.0,0.0,usgs,Medium,summer
2020,4,Delhi,Delhi,earthquake,2,28.8336,77.3589,11320,216,1400,797,4,5000.0,0.0,usgs,Low,summer
2020,5,Delhi,Delhi,earthquake,4,29.1724,77.0219,11320,216,1400,797,4,60000.0,0.0,usgs,Medium,summer
2020,6,Delhi,Delhi,earthquake,4,33.1193,75.8744,11320,216,1400,797,4,60000.0,0.0,usgs,Medium,monsoon
2020,7,Delhi,Delhi,earthquake,4,28.142,76.5366,11320,216,1400,797,4,60000.0,0.0,usgs,Medium,monsoon
2020,9,Delhi,Delhi,earthquake,4,33.229,75.8586,11320,216,1400,797,4,60000.0,0.0,usgs,Medium,monsoon
2020,11,Delhi,Delhi,earthquake,4,33.4944,75.735,11320,216,1400,797,4,60000.0,0.0,usgs,Medium,post-monsoon
2020,12,Delhi,Delhi,earthquake,2,28.5188,77.2852,11320,216,1400,797,4,5000.0,0.0,usgs,Low,winter
2021,1,Delhi,Delhi,earthquake,6,33.3042,75.5872,11320,216,1400,797,4,220000.0,0.0,usgs,High,winter
2021,4,Delhi,Delhi,earthquake,4,32.4789,78.7499,11320,216,1400,797,4,60000.0,0.0,usgs,Medium,summer
2021,5,Delhi,Delhi,earthquake,4,30.8764,79.2707,11320,216,1400,797,4,60000.0,0.0,usgs,Medium,summer
2021,7,Delhi,Delhi,earthquake,2,28.9016,76.839,11320,216,1400,797,4,5000.0,0.0,usgs,Low,monsoon
2021,8,Delhi,Delhi,earthquake,4,32.0551,78.7955,11320,216,1400,797,4,60000.0,0.0,usgs,Medium,monsoon
2021,9,Delhi,Delhi,earthquake,4,30.4791,79.282,11320,216,1400,797,4,60000.0,0.0,usgs,Medium,monsoon
2021,10,Delhi,Delhi,earthquake,4,33.2438,76.7582,11320,216,1400,797,4,60000.0,0.0,usgs,Medium,post-monsoon
2021,11,Delhi,Delhi,earthquake,4,31.3163,77.1736,11320,216,1400,797,4,60000.0,0.0,usgs,Medium,post-monsoon
2022,1,Delhi,Delhi,earthquake,4,33.2225,75.9072,11320,216,1400,797,4,60000.0,0.0,usgs,Medium,winter
2022,2,Delhi,Delhi,earthquake,4,31.4596,77.8709,11320,216,1400,797,4,60000.0,0.0,usgs,Medium,winter
2022,4,Delhi,Delhi,earthquake,4,30.9544,78.2383,11320,216,1400,797,4,60000.0,0.0,usgs,Medium,summer
2022,5,Delhi,Delhi,earthquake,4,32.7165,76.2415,11320,216,1400,797,4,60000.0,0.0,usgs,Medium,summer
2022,6,Delhi,Delhi,earthquake,2,28.8231,76.6692,11320,216,1400,797,4,5000.0,0.0,usgs,Low,monsoon
2022,7,Delhi,Delhi,earthquake,4,30.7594,78.396,11320,216,1400,797,4,60000.0,0.0,usgs,Medium,monsoon
2022,8,Delhi,Delhi,earthquake,4,33.1509,75.7219,11320,216,1400,797,4,60000.0,0.0,usgs,Medium,monsoon
2022,10,Delhi,Delhi,earthquake,4,32.3641,78.6637,11320,216,1400,797,4,60000.0,0.0,usgs,Medium,post-monsoon
2022,11,Delhi,Delhi,earthquake,4,31.8986,76.9792,11320,216,1400,797,4,60000.0,0.0,usgs,Medium,post-monsoon
2022,12,Delhi,Delhi,earthquake,4,28.7191,76.6286,11320,216,1400,797,4,60000.0,0.0,usgs,Medium,winter
2023,1,Delhi,Delhi,earthquake,4,31.7032,73.979,11320,216,1400,797,4,60000.0,0.0,usgs,Medium,winter
2023,5,Delhi,Delhi,earthquake,4,30.5173,79.0377,11320,216,1400,797,4,60000.0,0.0,usgs,Medium,summer
2023,6,Delhi,Delhi,earthquake,6,33.1191,75.9074,11320,216,1400,797,4,220000.0,0.0,usgs,High,monsoon
2023,7,Delhi,Delhi,earthquake,4,33.1046,76.0979,11320,216,1400,797,4,60000.0,0.0,usgs,Medium,monsoon
2023,8,Delhi,Delhi,earthquake,4,32.5435,78.602,11320,216,1400,797,4,60000.0,0.0,usgs,Medium,monsoon
2023,10,Delhi,Delhi,earthquake,4,31.8115,79.3974,11320,216,1400,797,4,60000.0,0.0,usgs,Medium,post-monsoon
2023,11,Delhi,Delhi,earthquake,4,33.0154,76.2091,11320,216,1400,797,4,60000.0,0.0,usgs,Medium,post-monsoon
2023,12,Delhi,Delhi,earthquake,6,33.1836,76.8401,11320,216,1400,797,4,220000.0,0.0,usgs,High,winter
2024,1,Delhi,Delhi,earthquake,4,33.1245,76.7306,11320,216,1400,797,4,60000.0,0.0,usgs,Medium,winter
2024,2,Delhi,Delhi,earthquake,4,33.1787,76.8103,11320,216,1400,797,4,60000.0,0.0,usgs,Medium,winter
2024,4,Delhi,Delhi,earthquake,6,33.1698,76.816,11320,216,1400,797,4,220000.0,0.0,usgs,High,summer
2024,7,Delhi,Delhi,earthquake,4,33.456,76.6373,11320,216,1400,797,4,60000.0,0.0,usgs,Medium,monsoon
2024,8,Delhi,Delhi,earthquake,2,31.6473,76.9775,11320,216,1400,797,4,5000.0,0.0,usgs,Low,monsoon
2000,6,Hyderabad,Telangana,earthquake,4,18.014,76.487,18480,542,560,812,2,60000.0,0.0,usgs,Medium,monsoon
2007,9,Hyderabad,Telangana,earthquake,2,18.057,76.535,18480,542,560,812,2,5000.0,0.0,usgs,Low,monsoon
2011,9,Hyderabad,Telangana,earthquake,4,17.92,76.564,18480,542,560,812,2,60000.0,0.0,usgs,Medium,monsoon
2020,1,Hyderabad,Telangana,earthquake,4,16.6775,79.8979,18480,542,560,812,2,60000.0,0.0,usgs,Medium,winter
2021,10,Hyderabad,Telangana,earthquake,4,17.1543,77.0051,18480,542,560,812,2,60000.0,0.0,usgs,Medium,post-monsoon
2024,3,Hyderabad,Telangana,earthquake,4,19.4899,77.2545,18480,542,560,812,2,60000.0,0.0,usgs,Medium,summer
2024,7,Hyderabad,Telangana,earthquake,4,19.4402,77.2915,18480,542,560,812,2,60000.0,0.0,usgs,Medium,monsoon
2024,12,Hyderabad,Telangana,earthquake,6,18.4471,80.3296,18480,542,560,812,2,220000.0,0.0,usgs,High,winter
2002,5,Jaipur,Rajasthan,earthquake,4,27.696,75.81,6900,431,800,650,2,60000.0,0.0,usgs,Medium,summer
2003,8,Jaipur,Rajasthan,earthquake,4,27.216,75.739,6900,431,800,650,2,60000.0,0.0,usgs,Medium,monsoon
2006,11,Jaipur,Rajasthan,earthquake,4,27.348,76.83,6900,431,800,650,2,60000.0,0.0,usgs,Medium,post-monsoon
2006,12,Jaipur,Rajasthan,earthquake,4,26.881,76.154,6900,431,800,650,2,60000.0,0.0,usgs,Medium,winter
2007,4,Jaipur,Rajasthan,earthquake,4,28.233,71.139,6900,431,800,650,2,60000.0,0.0,usgs,Medium,summer
2007,8,Jaipur,Rajasthan,earthquake,2,30.184,72.558,6900,431,800,650,2,5000.0,0.0,usgs,Low,monsoon
2012,12,Jaipur,Rajasthan,earthquake,2,27.651,76.116,6900,431,800,650,2,5000.0,0.0,usgs,Low,winter
2013,2,Jaipur,Rajasthan,earthquake,2,27.264,75.491,6900,431,800,650,2,5000.0,0.0,usgs,Low,winter
2015,9,Jaipur,Rajasthan,earthquake,4,27.3767,75.4937,6900,431,800,650,2,60000.0,0.0,usgs,Medium,monsoon
2018,7,Jaipur,Rajasthan,earthquake,2,27.7857,76.207,6900,431,800,650,2,5000.0,0.0,usgs,Low,monsoon
2019,3,Jaipur,Rajasthan,earthquake,4,27.4854,76.867,6900,431,800,650,2,60000.0,0.0,usgs,Medium,summer
2019,10,Jaipur,Rajasthan,earthquake,4,28.1573,73.1834,6900,431,800,650,2,60000.0,0.0,usgs,Medium,post-monsoon
2022,3,Jaipur,Rajasthan,earthquake,4,30.1073,72.5726,6900,431,800,650,2,60000.0,0.0,usgs,Medium,summer
2023,7,Jaipur,Rajasthan,earthquake,4,26.8685,75.8906,6900,431,800,650,2,60000.0,0.0,usgs,Medium,monsoon
2024,6,Jaipur,Rajasthan,earthquake,4,27.8429,75.3219,6900,431,800,650,2,60000.0,0.0,usgs,Medium,monsoon
2024,4,Kochi,Kerala,earthquake,4,10.0467,72.9404,2100,8,0,3067,3,60000.0,0.0,usgs,Medium,summer
2000,1,Kolkata,West Bengal,earthquake,4,22.132,92.771,24252,9,130,1582,3,60000.0,0.0,usgs,Medium,winter
2000,4,Kolkata,West Bengal,earthquake,2,24.671,92.443,24252,9,130,1582,3,5000.0,0.0,usgs,Low,summer
2000,9,Kolkata,West Bengal,earthquake,4,26.275,91.496,24252,9,130,1582,3,60000.0,0.0,usgs,Medium,monsoon
2000,11,Kolkata,West Bengal,earthquake,6,21.692,92.908,24252,9,130,1582,3,220000.0,0.0,usgs,High,post-monsoon
2001,2,Kolkata,West Bengal,earthquake,4,26.486,90.616,24252,9,130,1582,3,60000.0,0.0,usgs,Medium,winter
2001,4,Kolkata,West Bengal,earthquake,4,26.09,91.489,24252,9,130,1582,3,60000.0,0.0,usgs,Medium,summer
2001,7,Kolkata,West Bengal,earthquake,2,20.726,92.687,24252,9,130,1582,3,5000.0,0.0,usgs,Low,monsoon
2001,8,Kolkata,West Bengal,earthquake,4,24.391,92.109,24252,9,130,1582,3,60000.0,0.0,usgs,Medium,monsoon
2001,9,Kolkata,West Bengal,earthquake,4,26.817,87.593,24252,9,130,1582,3,60000.0,0.0,usgs,Medium,monsoon
2001,12,Kolkata,West Bengal,earthquake,6,27.15,88.171,24252,9,130,1582,3,220000.0,0.0,usgs,High,winter
2002,3,Kolkata,West Bengal,earthquake,4,25.178,92.234,24252,9,130,1582,3,60000.0,0.0,usgs,Medium,summer
2002,5,Kolkata,West Bengal,earthquake,4,22.59,91.847,24252,9,130,1582,3,60000.0,0.0,usgs,Medium,summer
2002,6,Kolkata,West Bengal,earthquake,4,25.842,88.932,24252,9,130,1582,3,60000.0,0.0,usgs,Medium,monsoon
2002,7,Kolkata,West Bengal,earthquake,4,25.091,92.139,24252,9,130,1582,3,60000.0,0.0,usgs,Medium,monsoon
2002,10,Kolkata,West Bengal,earthquake,4,22.381,93.031,24252,9,130,1582,3,60000.0,0.0,usgs,Medium,post-monsoon
2003,3,Kolkata,West Bengal,earthquake,6,27.264,89.331,24252,9,130,1582,3,220000.0,0.0,usgs,High,summer
2003,7,Kolkata,West Bengal,earthquake,6,22.825,92.343,24252,9,130,1582,3,220000.0,0.0,usgs,High,monsoon
2003,8,Kolkata,West Bengal,earthquake,4,22.837,92.35,24252,9,130,1582,3,60000.0,0.0,usgs,Medium,monsoon
2003,9,Kolkata,West Bengal,earthquake,4,27.358,87.738,24252,9,130,1582,3,60000.0,0.0,usgs,Medium,monsoon
2003,10,Kolkata,West Bengal,earthquake,4,23.316,86.448,24252,9,130,1582,3,60000.0,0.0,usgs,Medium,post-monsoon
2003,11,Kolkata,West Bengal,earthquake,4,21.897,92.955,24252,9,130,1582,3,60000.0,0.0,usgs,Medium,post-monsoon
2003,12,Kolkata,West Bengal,earthquake,4,25.596,90.25,24252,9,130,1582,3,60000.0,0.0,usgs,Medium,winter
2004,2,Kolkata,West Bengal,earthquake,4,27.361,87.758,24252,9,130,1582,3,60000.0,0.0,usgs,Medium,winter
2004,5,Kolkata,West Bengal,earthquake,4,26.301,89.521,24252,9,130,1582,3,60000.0,0.0,usgs,Medium,summer
2004,8,Kolkata,West Bengal,earthquake,4,25.923,90.262,24252,9,130,1582,3,60000.0,0.0,usgs,Medium,monsoon
2004,9,Kolkata,West Bengal,earthquake,4,23.779,93.154,24252,9,130,1582,3,60000.0,0.0,usgs,Medium,monsoon
2004,10,Kolkata,West Bengal,earthquake,2,22.349,93.167,24252,9,130,1582,3,5000.0,0.0,usgs,Low,post-monsoon
2004,11,Kolkata,West Bengal,earthquake,4,20.878,92.254,24252,9,130,1582,3,60000.0,0.0,usgs,Medium,post-monsoon
2004,12,Kolkata,West Bengal,earthquake,6,24.757,92.539,24252,9,130,1582,3,220000.0,0.0,usgs,High,winter
2005,2,Kolkata,West Bengal,earthquake,6,24.55,92.524,24252,9,130,1582,3,220000.0,0.0,usgs,High,winter
2005,4,Kolkata,West Bengal,earthquake,4,22.491,92.389,24252,9,130,1582,3,60000.0,0.0,usgs,Medium,summer
2005,5,Kolkata,West Bengal,earthquake,4,22.845,92.331,24252,9,130,1582,3,60000.0,0.0,usgs,Medium,summer
2005,6,Kolkata,West Bengal,earthquake,4,27.205,87.92,24252,9,130,1582,3,60000.0,0.0,usgs,Medium,monsoon
2005,7,Kolkata,West Bengal,earthquake,4,23.273,91.406,24252,9,130,1582,3,60000.0,0.0,usgs,Medium,monsoon
2005,9,Kolkata,West Bengal,earthquake,4,20.328,91.452,24252,9,130,1582,3,60000.0,0.0,usgs,Medium,monsoon
2005,11,Kolkata,West Bengal,earthquake,4,21.015,89.158,24252,9,130,1582,3,60000.0,0.0,usgs,Medium,post-monsoon
2005,12,Kolkata,West Bengal,earthquake,4,25.732,90.384,24252,9,130,1582,3,60000.0,0.0,usgs,Medium,winter
2006,2,Kolkata,West Bengal,earthquake,6,27.382,88.388,24252,9,130,1582,3,220000.0,0.0,usgs,High,winter
2006,3,Kolkata,West Bengal,earthquake,2,22.452,92.805,24252,9,130,1582,3,5000.0,0.0,usgs,Low,summer
2006,4,Kolkata,West Bengal,earthquake,2,24.419,91.369,24252,9,130,1582,3,5000.0,0.0,usgs,Low,summer
2006,5,Kolkata,West Bengal,earthquake,4,20.63,91.928,24252,9,130,1582,3,60000.0,0.0,usgs,Medium,summer
2006,6,Kolkata,West Bengal,earthquake,4,20.386,92.512,24252,9,130,1582,3,60000.0,0.0,usgs,Medium,monsoon
2006,7,Kolkata,West Bengal,earthquake,4,26.744,89.432,24252,9,130,1582,3,60000.0,0.0,usgs,Medium,monsoon
2006,8,Kolkata,West Bengal,earthquake,6,24.662,92.71,24252,9,130,1582,3,220000.0,0.0,usgs,High,monsoon
2006,10,Kolkata,West Bengal,earthquake,4,22.154,93.046,24252,9,130,1582,3,60000.0,0.0,usgs,Medium,post-monsoon
2006,11,Kolkata,West Bengal,earthquake,4,24.536,92.326,24252,9,130,1582,3,60000.0,0.0,usgs,Medium,post-monsoon
2007,1,Kolkata,West Bengal,earthquake,4,25.686,89.86,24252,9,130,1582,3,60000.0,0.0,usgs,Medium,winter
2007,2,Kolkata,West Bengal,earthquake,2,26.326,91.339,24252,9,130,1582,3,5000.0,0.0,usgs,Low,winter
2007,5,Kolkata,West Bengal,earthquake,4,27.334,88.236,24252,9,130,1582,3,60000.0,0.0,usgs,Medium,summer
2007,7,Kolkata,West Bengal,earthquake,4,22.83,92.359,24252,9,130,1582,3,60000.0,0.0,usgs,Medium,monsoon
2007,8,Kolkata,West Bengal,earthquake,6,27.344,87.737,24252,9,130,1582,3,220000.0,0.0,usgs,High,monsoon
2007,9,Kolkata,West Bengal,earthquake,4,25.241,91.13,24252,9,130,1582,3,60000.0,0.0,usgs,Medium,monsoon
2007,10,Kolkata,West Bengal,earthquake,2,23.497,92.157,24252,9,130,1582,3,5000.0,0.0,usgs,Low,post-monsoon
2007,11,Kolkata,West Bengal,earthquake,6,22.15,92.388,24252,9,130,1582,3,220000.0,0.0,usgs,High,post-monsoon
2008,1,Kolkata,West Bengal,earthquake,4,22.787,92.403,24252,9,130,1582,3,60000.0,0.0,usgs,Medium,winter
2008,2,Kolkata,West Bengal,earthquake,4,23.433,87.111,24252,9,130,1582,3,60000.0,0.0,usgs,Medium,winter
2008,3,Kolkata,West Bengal,earthquake,2,23.873,90.033,24252,9,130,1582,3,5000.0,0.0,usgs,Low,summer
2008,4,Kolkata,West Bengal,earthquake,4,22.768,92.428,24252,9,130,1582,3,60000.0,0.0,usgs,Medium,summer
2008,5,Kolkata,West Bengal,earthquake,2,24.005,91.209,24252,9,130,1582,3,5000.0,0.0,usgs,Low,summer
2008,6,Kolkata,West Bengal,earthquake,2,24.702,84.964,24252,9,130,1582,3,5000.0,0.0,usgs,Low,monsoon
2008,7,Kolkata,West Bengal,earthquake,4,24.788,90.536,24252,9,130,1582,3,60000.0,0.0,usgs,Medium,monsoon
2008,8,Kolkata,West Bengal,earthquake,4,22.447,92.537,24252,9,130,1582,3,60000.0,0.0,usgs,Medium,monsoon
2008,9,Kolkata,West Bengal,earthquake,4,20.947,92.689,24252,9,130,1582,3,60000.0,0.0,usgs,Medium,monsoon
2008,10,Kolkata,West Bengal,earthquake,2,27.47,87.843,24252,9,130,1582,3,5000.0,0.0,usgs,Low,post-monsoon
2008,11,Kolkata,West Bengal,earthquake,4,23.636,87.36,24252,9,130,1582,3,60000.0,0.0,usgs,Medium,post-monsoon
2008,12,Kolkata,West Bengal,earthquake,6,27.373,88.051,24252,9,130,1582,3,220000.0,0.0,usgs,High,winter
2009,1,Kolkata,West Bengal,earthquake,4,23.011,88.706,24252,9,130,1582,3,60000.0,0.0,usgs,Medium,winter
2009,2,Kolkata,West Bengal,earthquake,4,20.473,89.107,24252,9,130,1582,3,60000.0,0.0,usgs,Medium,winter
2009,4,Kolkata,West Bengal,earthquake,4,26.112,91.446,24252,9,130,1582,3,60000.0,0.0,usgs,Medium,summer
2009,6,Kolkata,West Bengal,earthquake,4,23.356,93.21,24252,9,130,1582,3,60000.0,0.0,usgs,Medium,monsoon
2009,10,Kolkata,West Bengal,earthquake,4,26.548,90.018,24252,9,130,1582,3,60000.0,0.0,usgs,Medium,post-monsoon
2009,11,Kolkata,West Bengal,earthquake,4,26.922,89.178,24252,9,130,1582,3,60000.0,0.0,usgs,Medium,post-monsoon
2009,12,Kolkata,West Bengal,earthquake,4,21.998,91.822,24252,9,130,1582,3,60000.0,0.0,usgs,Medium,winter
2010,9,Kolkata,West Bengal,earthquake,6,23.407,90.648,24252,9,130,1582,3,220000.0,0.0,usgs,High,monsoon
2011,1,Kolkata,West Bengal,earthquake,4,23.811,92.9,24252,9,130,1582,3,60000.0,0.0,usgs,Medium,winter
2011,2,Kolkata,West Bengal,earthquake,4,23.248,90.998,24252,9,130,1582,3,60000.0,0.0,usgs,Medium,winter
2011,4,Kolkata,West Bengal,earthquake,4,23.772,92.866,24252,9,130,1582,3,60000.0,0.0,usgs,Medium,summer
2011,5,Kolkata,West Bengal,earthquake,4,25.102,92.307,24252,9,130,1582,3,60000.0,0.0,usgs,Medium,summer
2011,6,Kolkata,West Bengal,earthquake,6,27.529,88.019,24252,9,130,1582,3,220000.0,0.0,usgs,High,monsoon
2011,7,Kolkata,West Bengal,earthquake,4,24.532,92.072,24252,9,130,1582,3,60000.0,0.0,usgs,Medium,monsoon
2011,8,Kolkata,West Bengal,earthquake,4,23.355,90.63,24252,9,130,1582,3,60000.0,0.0,usgs,Medium,monsoon
2011,9,Kolkata,West Bengal,earthquake,4,25.759,91.178,24252,9,130,1582,3,60000.0,0.0,usgs,Medium,monsoon
2011,10,Kolkata,West Bengal,earthquake,2,27.449,88.684,24252,9,130,1582,3,5000.0,0.0,usgs,Low,post-monsoon
2011,12,Kolkata,West Bengal,earthquake,4,27.504,87.955,24252,9,130,1582,3,60000.0,0.0,usgs,Medium,winter
2012,1,Kolkata,West Bengal,earthquake,4,23.472,91.834,24252,9,130,1582,3,60000.0,0.0,usgs,Medium,winter
2012,3,Kolkata,West Bengal,earthquake,6,26.087,87.777,24252,9,130,1582,3,220000.0,0.0,usgs,High,summer
2012,5,Kolkata,West Bengal,earthquake,4,27.328,87.974,24252,9,130,1582,3,60000.0,0.0,usgs,Medium,summer
2012,6,Kolkata,West Bengal,earthquake,4,27.306,88.13,24252,9,130,1582,3,60000.0,0.0,usgs,Medium,monsoon
2012,7,Kolkata,West Bengal,earthquake,4,23.054,93.074,24252,9,130,1582,3,60000.0,0.0,usgs,Medium,monsoon
2012,8,Kolkata,West Bengal,earthquake,4,24.714,91.863,24252,9,130,1582,3,60000.0,0.0,usgs,Medium,monsoon
2012,9,Kolkata,West Bengal,earthquake,4,27.33,88.642,24252,9,130,1582,3,60000.0,0.0,usgs,Medium,monsoon
2012,11,Kolkata,West Bengal,earthquake,4,27.22,88.2,24252,9,130,1582,3,60000.0,0.0,usgs,Medium,post-monsoon
2012,12,Kolkata,West Bengal,earthquake,4,24.209,91.782,24252,9,130,1582,3,60000.0,0.0,usgs,Medium,winter
2013,2,Kolkata,West Bengal,earthquake,4,25.35,89.03,24252,9,130,1582,3,60000.0,0.0,usgs,Medium,winter
2013,3,Kolkata,West Bengal,earthquake,6,24.677,92.222,24252,9,130,1582,3,220000.0,0.0,usgs,High,summer
2013,4,Kolkata,West Bengal,earthquake,4,27.333,87.853,24252,9,130,1582,3,60000.0,0.0,usgs,Medium,summer
2013,6,Kolkata,West Bengal,earthquake,4,22.02,88.572,24252,9,130,1582,3,60000.0,0.0,usgs,Medium,monsoon
2013,7,Kolkata,West Bengal,earthquake,4,26.267,90.7,24252,9,130,1582,3,60000.0,0.0,usgs,Medium,monsoon
2013,8,Kolkata,West Bengal,earthquake,4,23.3104,88.4902,24252,9,130,1582,3,60000.0,0.0,usgs,Medium,monsoon
2013,10,Kolkata,West Bengal,earthquake,6,27.2898,88.4022,24252,9,130,1582,3,220000.0,0.0,usgs,High,post-monsoon
2013,12,Kolkata,West Bengal,earthquake,4,26.5885,89.5628,24252,9,130,1582,3,60000.0,0.0,usgs,Medium,winter
2014,1,Kolkata,West Bengal,earthquake,4,22.1231,92.7127,24252,9,130,1582,3,60000.0,0.0,usgs,Medium,winter
2014,2,Kolkata,West Bengal,earthquake,4,24.4221,89.4984,24252,9,130,1582,3,60000.0,0.0,usgs,Medium,winter
2014,4,Kolkata,West Bengal,earthquake,4,23.0504,93.1676,24252,9,130,1582,3,60000.0,0.0,usgs,Medium,summer
2014,5,Kolkata,West Bengal,earthquake,4,26.5567,90.227,24252,9,130,1582,3,60000.0,0.0,usgs,Medium,summer
2014,6,Kolkata,West Bengal,earthquake,4,24.1878,91.5293,24252,9,130,1582,3,60000.0,0.0,usgs,Medium,monsoon
2014,7,Kolkata,West Bengal,earthquake,4,26.2364,89.5355,24252,9,130,1582,3,60000.0,0.0,usgs,Medium,monsoon
2014,8,Kolkata,West Bengal,earthquake,4,23.6717,91.4071,24252,9,130,1582,3,60000.0,0.0,usgs,Medium,monsoon
2014,9,Kolkata,West Bengal,earthquake,6,22.1989,93.244,24252,9,130,1582,3,220000.0,0.0,usgs,High,monsoon
2014,12,Kolkata,West Bengal,earthquake,4,26.2946,91.6204,24252,9,130,1582,3,60000.0,0.0,usgs,Medium,winter
2015,1,Kolkata,West Bengal,earthquake,4,22.6215,92.6144,24252,9,130,1582,3,60000.0,0.0,usgs,Medium,winter
2015,4,Kolkata,West Bengal,earthquake,6,26.8644,88.055,24252,9,130,1582,3,220000.0,0.0,usgs,High,summer
2015,5,Kolkata,West Bengal,earthquake,4,22.1323,93.2059,24252,9,130,1582,3,60000.0,0.0,usgs,Medium,summer
2015,6,Kolkata,West Bengal,earthquake,6,26.6384,90.41,24252,9,130,1582,3,220000.0,0.0,usgs,High,monsoon
2015,7,Kolkata,West Bengal,earthquake,4,26.6628,90.5991,24252,9,130,1582,3,60000.0,0.0,usgs,Medium,monsoon
2015,8,Kolkata,West Bengal,earthquake,4,25.432,89.5164,24252,9,130,1582,3,60000.0,0.0,usgs,Medium,monsoon
2015,9,Kolkata,West Bengal,earthquake,4,26.0549,89.5568,24252,9,130,1582,3,60000.0,0.0,usgs,Medium,monsoon
2015,10,Kolkata,West Bengal,earthquake,4,24.6819,92.4488,24252,9,130,1582,3,60000.0,0.0,usgs,Medium,post-monsoon
2015,12,Kolkata,West Bengal,earthquake,4,24.4134,90.5812,24252,9,130,1582,3,60000.0,0.0,usgs,Medium,winter
2016,2,Kolkata,West Bengal,earthquake,2,27.0268,89.1875,24252,9,130,1582,3,5000.0,0.0,usgs,Low,winter
2016,3,Kolkata,West Bengal,earthquake,4,25.9519,90.6891,24252,9,130,1582,3,60000.0,0.0,usgs,Medium,summer
2016,4,Kolkata,West Bengal,earthquake,6,25.7595,90.5452,24252,9,130,1582,3,220000.0,0.0,usgs,High,summer
2016,5,Kolkata,West Bengal,earthquake,4,25.9006,90.2255,24252,9,130,1582,3,60000.0,0.0,usgs,Medium,summer
2016,6,Kolkata,West Bengal,earthquake,4,22.7084,92.0667,24252,9,130,1582,3,60000.0,0.0,usgs,Medium,monsoon
2016,10,Kolkata,West Bengal,earthquake,4,23.1261,92.8708,24252,9,130,1582,3,60000.0,0.0,usgs,Medium,post-monsoon
2016,11,Kolkata,West Bengal,earthquake,4,24.6475,92.3284,24252,9,130,1582,3,60000.0,0.0,usgs,Medium,post-monsoon
2017,1,Kolkata,West Bengal,earthquake,6,24.0151,92.0177,24252,9,130,1582,3,220000.0,0.0,usgs,High,winter
2017,2,Kolkata,West Bengal,earthquake,4,25.548,91.1035,24252,9,130,1582,3,60000.0,0.0,usgs,Medium,winter
2017,3,Kolkata,West Bengal,earthquake,4,27.1419,88.5534,24252,9,130,1582,3,60000.0,0.0,usgs,Medium,summer
2017,4,Kolkata,West Bengal,earthquake,4,25.6263,90.8833,24252,9,130,1582,3,60000.0,0.0,usgs,Medium,summer
2017,5,Kolkata,West Bengal,earthquake,4,27.3266,88.1714,24252,9,130,1582,3,60000.0,0.0,usgs,Medium,summer
2017,7,Kolkata,West Bengal,earthquake,4,23.3761,90.7422,24252,9,130,1582,3,60000.0,0.0,usgs,Medium,monsoon
2017,9,Kolkata,West Bengal,earthquake,4,25.275,90.2279,24252,9,130,1582,3,60000.0,0.0,usgs,Medium,monsoon
2017,11,Kolkata,West Bengal,earthquake,4,24.0923,91.2855,24252,9,130,1582,3,60000.0,0.0,usgs,Medium,post-monsoon
2017,12,Kolkata,West Bengal,earthquake,4,25.725,90.8605,24252,9,130,1582,3,60000.0,0.0,usgs,Medium,winter
2018,1,Kolkata,West Bengal,earthquake,4,24.5706,89.5825,24252,9,130,1582,3,60000.0,0.0,usgs,Medium,winter
2018,2,Kolkata,West Bengal,earthquake,4,22.5842,93.3372,24252,9,130,1582,3,60000.0,0.0,usgs,Medium,winter
2018,3,Kolkata,West Bengal,earthquake,4,22.1644,92.8036,24252,9,130,1582,3,60000.0,0.0,usgs,Medium,summer
2018,6,Kolkata,West Bengal,earthquake,4,27.1508,87.8133,24252,9,130,1582,3,60000.0,0.0,usgs,Medium,monsoon
2018,8,Kolkata,West Bengal,earthquake,4,22.6926,87.7938,24252,9,130,1582,3,60000.0,0.0,usgs,Medium,monsoon
2018,9,Kolkata,West Bengal,earthquake,6,26.3711,90.1611,24252,9,130,1582,3,220000.0,0.0,usgs,High,monsoon
2019,1,Kolkata,West Bengal,earthquake,4,27.2579,86.9202,24252,9,130,1582,3,60000.0,0.0,usgs,Medium,winter
2019,2,Kolkata,West Bengal,earthquake,4,22.4139,92.8472,24252,9,130,1582,3,60000.0,0.0,usgs,Medium,winter
2019,3,Kolkata,West Bengal,earthquake,4,25.6452,90.9083,24252,9,130,1582,3,60000.0,0.0,usgs,Medium,summer
2019,5,Kolkata,West Bengal,earthquake,4,23.2123,86.8925,24252,9,130,1582,3,60000.0,0.0,usgs,Medium,summer
2019,7,Kolkata,West Bengal,earthquake,4,22.5443,86.4405,24252,9,130,1582,3,60000.0,0.0,usgs,Medium,monsoon
2019,10,Kolkata,West Bengal,earthquake,4,22.5731,93.3104,24252,9,130,1582,3,60000.0,0.0,usgs,Medium,post-monsoon
2019,11,Kolkata,West Bengal,earthquake,4,26.145,91.1372,24252,9,130,1582,3,60000.0,0.0,usgs,Medium,post-monsoon
2020,1,Kolkata,West Bengal,earthquake,4,24.7732,91.7364,24252,9,130,1582,3,60000.0,0.0,usgs,Medium,winter
2020,2,Kolkata,West Bengal,earthquake,6,26.3386,90.7847,24252,9,130,1582,3,220000.0,0.0,usgs,High,winter
2020,4,Kolkata,West Bengal,earthquake,4,23.4203,86.989,24252,9,130,1582,3,60000.0,0.0,usgs,Medium,summer
2020,6,Kolkata,West Bengal,earthquake,6,23.1449,93.2856,24252,9,130,1582,3,220000.0,0.0,usgs,High,monsoon
2020,7,Kolkata,West Bengal,earthquake,6,23.1162,93.3092,24252,9,130,1582,3,220000.0,0.0,usgs,High,monsoon
2020,8,Kolkata,West Bengal,earthquake,6,23.1636,93.3258,24252,9,130,1582,3,220000.0,0.0,usgs,High,monsoon
2020,9,Kolkata,West Bengal,earthquake,4,26.2803,91.3167,24252,9,130,1582,3,60000.0,0.0,usgs,Medium,monsoon
2020,10,Kolkata,West Bengal,earthquake,4,23.1224,92.2965,24252,9,130,1582,3,60000.0,0.0,usgs,Medium,post-monsoon
2020,11,Kolkata,West Bengal,earthquake,4,25.7773,91.1728,24252,9,130,1582,3,60000.0,0.0,usgs,Medium,post-monsoon
2020,12,Kolkata,West Bengal,earthquake,4,26.1291,90.5453,24252,9,130,1582,3,60000.0,0.0,usgs,Medium,winter
2021,2,Kolkata,West Bengal,earthquake,4,20.054,91.0101,24252,9,130,1582,3,60000.0,0.0,usgs,Medium,winter
2021,4,Kolkata,West Bengal,earthquake,6,27.1863,88.9412,24252,9,130,1582,3,220000.0,0.0,usgs,High,summer
2021,7,Kolkata,West Bengal,earthquake,6,25.9603,90.3499,24252,9,130,1582,3,220000.0,0.0,usgs,High,monsoon
2021,8,Kolkata,West Bengal,earthquake,4,20.4478,92.3214,24252,9,130,1582,3,60000.0,0.0,usgs,Medium,monsoon
2021,10,Kolkata,West Bengal,earthquake,4,22.5257,92.7906,24252,9,130,1582,3,60000.0,0.0,usgs,Medium,post-monsoon
2021,11,Kolkata,West Bengal,earthquake,4,25.9374,91.4838,24252,9,130,1582,3,60000.0,0.0,usgs,Medium,post-monsoon
2022,1,Kolkata,West Bengal,earthquake,4,26.8706,89.2113,24252,9,130,1582,3,60000.0,0.0,usgs,Medium,winter
2022,7,Kolkata,West Bengal,earthquake,6,27.1316,86.7827,24252,9,130,1582,3,220000.0,0.0,usgs,High,monsoon
2022,10,Kolkata,West Bengal,earthquake,4,25.1215,92.205,24252,9,130,1582,3,60000.0,0.0,usgs,Medium,post-monsoon
2022,12,Kolkata,West Bengal,earthquake,4,19.1042,89.8755,24252,9,130,1582,3,60000.0,0.0,usgs,Medium,winter
2023,1,Kolkata,West Bengal,earthquake,4,25.7328,90.4362,24252,9,130,1582,3,60000.0,0.0,usgs,Medium,winter
2023,2,Kolkata,West Bengal,earthquake,4,25.6554,90.4081,24252,9,130,1582,3,60000.0,0.0,usgs,Medium,winter
2023,4,Kolkata,West Bengal,earthquake,4,26.0018,87.3828,24252,9,130,1582,3,60000.0,0.0,usgs,Medium,summer
2023,5,Kolkata,West Bengal,earthquake,4,21.6539,93.1376,24252,9,130,1582,3,60000.0,0.0,usgs,Medium,summer
2023,6,Kolkata,West Bengal,earthquake,6,24.7339,92.0224,24252,9,130,1582,3,220000.0,0.0,usgs,High,monsoon
2023,7,Kolkata,West Bengal,earthquake,4,25.722,91.3559,24252,9,130,1582,3,60000.0,0.0,usgs,Medium,monsoon
2023,8,Kolkata,West Bengal,earthquake,6,24.9796,92.2481,24252,9,130,1582,3,220000.0,0.0,usgs,High,monsoon
2023,9,Kolkata,West Bengal,earthquake,4,23.9369,90.5926,24252,9,130,1582,3,60000.0,0.0,usgs,Medium,monsoon
2023,10,Kolkata,West Bengal,earthquake,4,25.9206,90.5798,24252,9,130,1582,3,60000.0,0.0,usgs,Medium,post-monsoon
2023,11,Kolkata,West Bengal,earthquake,4,21.033,92.127,24252,9,130,1582,3,60000.0,0.0,usgs,Medium,post-monsoon
2023,12,Kolkata,West Bengal,earthquake,6,23.1475,90.9317,24252,9,130,1582,3,220000.0,0.0,usgs,High,winter
2024,1,Kolkata,West Bengal,earthquake,4,22.1702,93.1736,24252,9,130,1582,3,60000.0,0.0,usgs,Medium,winter
2024,3,Kolkata,West Bengal,earthquake,4,25.7414,90.2866,24252,9,130,1582,3,60000.0,0.0,usgs,Medium,summer
2024,4,Kolkata,West Bengal,earthquake,4,21.9812,92.651,24252,9,130,1582,3,60000.0,0.0,usgs,Medium,summer
2024,5,Kolkata,West Bengal,earthquake,4,25.7318,91.0047,24252,9,130,1582,3,60000.0,0.0,usgs,Medium,summer
2024,7,Kolkata,West Bengal,earthquake,4,24.3726,92.6936,24252,9,130,1582,3,60000.0,0.0,usgs,Medium,monsoon
2024,8,Kolkata,West Bengal,earthquake,4,27.1586,88.1937,24252,9,130,1582,3,60000.0,0.0,usgs,Medium,monsoon
2024,9,Kolkata,West Bengal,earthquake,4,20.7407,89.4934,24252,9,130,1582,3,60000.0,0.0,usgs,Medium,monsoon
2024,11,Kolkata,West Bengal,earthquake,4,27.4254,88.33,24252,9,130,1582,3,60000.0,0.0,usgs,Medium,post-monsoon
2024,12,Kolkata,West Bengal,earthquake,4,25.6193,90.5843,24252,9,130,1582,3,60000.0,0.0,usgs,Medium,winter
2000,1,Lucknow,UP,earthquake,4,27.785,85.813,2400,123,1100,890,3,60000.0,0.0,usgs,Medium,winter
2000,2,Lucknow,UP,earthquake,4,28.494,82.145,2400,123,1100,890,3,60000.0,0.0,usgs,Medium,winter
2000,5,Lucknow,UP,earthquake,4,29.398,81.573,2400,123,1100,890,3,60000.0,0.0,usgs,Medium,summer
2000,10,Lucknow,UP,earthquake,4,29.211,81.875,2400,123,1100,890,3,60000.0,0.0,usgs,Medium,post-monsoon
2001,4,Lucknow,UP,earthquake,4,29.248,81.321,2400,123,1100,890,3,60000.0,0.0,usgs,Medium,summer
2001,7,Lucknow,UP,earthquake,6,27.957,85.178,2400,123,1100,890,3,220000.0,0.0,usgs,High,monsoon
2001,9,Lucknow,UP,earthquake,4,29.762,80.488,2400,123,1100,890,3,60000.0,0.0,usgs,Medium,monsoon
2001,11,Lucknow,UP,earthquake,6,29.51,81.739,2400,123,1100,890,3,220000.0,0.0,usgs,High,post-monsoon
2001,12,Lucknow,UP,earthquake,4,29.612,81.78,2400,123,1100,890,3,60000.0,0.0,usgs,Medium,winter
2002,3,Lucknow,UP,earthquake,4,29.625,84.419,2400,123,1100,890,3,60000.0,0.0,usgs,Medium,summer
2002,5,Lucknow,UP,earthquake,4,29.442,81.928,2400,123,1100,890,3,60000.0,0.0,usgs,Medium,summer
2002,6,Lucknow,UP,earthquake,6,30.595,81.44,2400,123,1100,890,3,220000.0,0.0,usgs,High,monsoon
2002,7,Lucknow,UP,earthquake,2,26.897,84.511,2400,123,1100,890,3,5000.0,0.0,usgs,Low,monsoon
2002,8,Lucknow,UP,earthquake,2,30.273,81.246,2400,123,1100,890,3,5000.0,0.0,usgs,Low,monsoon
2002,10,Lucknow,UP,earthquake,2,30.708,84.097,2400,123,1100,890,3,5000.0,0.0,usgs,Low,post-monsoon
2002,11,Lucknow,UP,earthquake,4,28.855,82.208,2400,123,1100,890,3,60000.0,0.0,usgs,Medium,post-monsoon
2003,1,Lucknow,UP,earthquake,4,28.622,81.95,2400,123,1100,890,3,60000.0,0.0,usgs,Medium,winter
2003,3,Lucknow,UP,earthquake,4,29.748,80.566,2400,123,1100,890,3,60000.0,0.0,usgs,Medium,summer
2003,5,Lucknow,UP,earthquake,4,29.511,81.86,2400,123,1100,890,3,60000.0,0.0,usgs,Medium,summer
2003,7,Lucknow,UP,earthquake,4,28.698,82.045,2400,123,1100,890,3,60000.0,0.0,usgs,Medium,monsoon
2003,8,Lucknow,UP,earthquake,4,30.169,82.219,2400,123,1100,890,3,60000.0,0.0,usgs,Medium,monsoon
2003,9,Lucknow,UP,earthquake,4,30.583,80.432,2400,123,1100,890,3,60000.0,0.0,usgs,Medium,monsoon
2003,11,Lucknow,UP,earthquake,4,28.297,83.773,2400,123,1100,890,3,60000.0,0.0,usgs,Medium,post-monsoon
2003,12,Lucknow,UP,earthquake,4,30.469,83.278,2400,123,1100,890,3,60000.0,0.0,usgs,Medium,winter
2004,3,Lucknow,UP,earthquake,4,30.467,82.631,2400,123,1100,890,3,60000.0,0.0,usgs,Medium,summer
2004,4,Lucknow,UP,earthquake,4,29.705,81.051,2400,123,1100,890,3,60000.0,0.0,usgs,Medium,summer
2004,5,Lucknow,UP,earthquake,4,28.512,82.702,2400,123,1100,890,3,60000.0,0.0,usgs,Medium,summer
2004,7,Lucknow,UP,earthquake,8,30.694,83.672,2400,123,1100,890,3,900000.0,0.0,usgs,High,monsoon
2004,8,Lucknow,UP,earthquake,4,30.366,83.359,2400,123,1100,890,3,60000.0,0.0,usgs,Medium,monsoon
2004,9,Lucknow,UP,earthquake,4,29.502,81.575,2400,123,1100,890,3,60000.0,0.0,usgs,Medium,monsoon
2004,10,Lucknow,UP,earthquake,6,31.024,81.154,2400,123,1100,890,3,220000.0,0.0,usgs,High,post-monsoon
2004,11,Lucknow,UP,earthquake,2,28.16,84.414,2400,123,1100,890,3,5000.0,0.0,usgs,Low,post-monsoon
2004,12,Lucknow,UP,earthquake,4,30.481,81.24,2400,123,1100,890,3,60000.0,0.0,usgs,Medium,winter
2005,1,Lucknow,UP,earthquake,4,29.646,80.696,2400,123,1100,890,3,60000.0,0.0,usgs,Medium,winter
2005,3,Lucknow,UP,earthquake,4,28.126,84.282,2400,123,1100,890,3,60000.0,0.0,usgs,Medium,summer
2005,4,Lucknow,UP,earthquake,8,30.491,83.662,2400,123,1100,890,3,900000.0,0.0,usgs,High,summer
2005,5,Lucknow,UP,earthquake,4,30.246,83.475,2400,123,1100,890,3,60000.0,0.0,usgs,Medium,summer
2005,6,Lucknow,UP,earthquake,4,30.598,83.529,2400,123,1100,890,3,60000.0,0.0,usgs,Medium,monsoon
2005,7,Lucknow,UP,earthquake,2,30.145,83.539,2400,123,1100,890,3,5000.0,0.0,usgs,Low,monsoon
2005,8,Lucknow,UP,earthquake,2,29.974,80.586,2400,123,1100,890,3,5000.0,0.0,usgs,Low,monsoon
2005,9,Lucknow,UP,earthquake,2,30.567,81.546,2400,123,1100,890,3,5000.0,0.0,usgs,Low,monsoon
2005,10,Lucknow,UP,earthquake,4,28.39,84.863,2400,123,1100,890,3,60000.0,0.0,usgs,Medium,post-monsoon
2005,11,Lucknow,UP,earthquake,6,29.731,81.868,2400,123,1100,890,3,220000.0,0.0,usgs,High,post-monsoon
2005,12,Lucknow,UP,earthquake,4,29.278,82.021,2400,123,1100,890,3,60000.0,0.0,usgs,Medium,winter
2006,1,Lucknow,UP,earthquake,4,30.168,80.225,2400,123,1100,890,3,60000.0,0.0,usgs,Medium,winter
2006,2,Lucknow,UP,earthquake,4,29.252,81.301,2400,123,1100,890,3,60000.0,0.0,usgs,Medium,winter
2006,4,Lucknow,UP,earthquake,4,28.051,85.789,2400,123,1100,890,3,60000.0,0.0,usgs,Medium,summer
2006,5,Lucknow,UP,earthquake,6,29.504,80.998,2400,123,1100,890,3,220000.0,0.0,usgs,High,summer
2006,7,Lucknow,UP,earthquake,4,30.171,83.675,2400,123,1100,890,3,60000.0,0.0,usgs,Medium,monsoon
2006,8,Lucknow,UP,earthquake,4,29.052,83.602,2400,123,1100,890,3,60000.0,0.0,usgs,Medium,monsoon
2006,9,Lucknow,UP,earthquake,4,29.76,80.521,2400,123,1100,890,3,60000.0,0.0,usgs,Medium,monsoon
2006,10,Lucknow,UP,earthquake,4,29.854,80.545,2400,123,1100,890,3,60000.0,0.0,usgs,Medium,post-monsoon
2006,11,Lucknow,UP,earthquake,2,29.82,80.655,2400,123,1100,890,3,5000.0,0.0,usgs,Low,post-monsoon
2006,12,Lucknow,UP,earthquake,2,30.082,83.732,2400,123,1100,890,3,5000.0,0.0,usgs,Low,winter
2007,1,Lucknow,UP,earthquake,4,31.038,82.73,2400,123,1100,890,3,60000.0,0.0,usgs,Medium,winter
2007,2,Lucknow,UP,earthquake,4,29.567,81.451,2400,123,1100,890,3,60000.0,0.0,usgs,Medium,winter
2007,3,Lucknow,UP,earthquake,4,29.44,81.144,2400,123,1100,890,3,60000.0,0.0,usgs,Medium,summer
2007,5,Lucknow,UP,earthquake,2,31.139,82.623,2400,123,1100,890,3,5000.0,0.0,usgs,Low,summer
2007,6,Lucknow,UP,earthquake,2,30.613,80.601,2400,123,1100,890,3,5000.0,0.0,usgs,Low,monsoon
2007,8,Lucknow,UP,earthquake,4,29.213,82.196,2400,123,1100,890,3,60000.0,0.0,usgs,Medium,monsoon
2007,10,Lucknow,UP,earthquake,4,27.945,85.38,2400,123,1100,890,3,60000.0,0.0,usgs,Medium,post-monsoon
2007,11,Lucknow,UP,earthquake,4,30.084,83.267,2400,123,1100,890,3,60000.0,0.0,usgs,Medium,post-monsoon
2008,1,Lucknow,UP,earthquake,2,30.341,83.492,2400,123,1100,890,3,5000.0,0.0,usgs,Low,winter
2008,2,Lucknow,UP,earthquake,2,28.232,83.677,2400,123,1100,890,3,5000.0,0.0,usgs,Low,winter
2008,3,Lucknow,UP,earthquake,4,29.76,81.531,2400,123,1100,890,3,60000.0,0.0,usgs,Medium,summer
2008,4,Lucknow,UP,earthquake,2,30.309,83.689,2400,123,1100,890,3,5000.0,0.0,usgs,Low,summer
2008,5,Lucknow,UP,earthquake,2,29.087,85.37,2400,123,1100,890,3,5000.0,0.0,usgs,Low,summer
2008,6,Lucknow,UP,earthquake,4,27.863,85.714,2400,123,1100,890,3,60000.0,0.0,usgs,Medium,monsoon
2008,7,Lucknow,UP,earthquake,2,30.597,83.684,2400,123,1100,890,3,5000.0,0.0,usgs,Low,monsoon
2008,8,Lucknow,UP,earthquake,8,30.901,83.52,2400,123,1100,890,3,900000.0,0.0,usgs,High,monsoon
2008,9,Lucknow,UP,earthquake,8,30.836,83.487,2400,123,1100,890,3,900000.0,0.0,usgs,High,monsoon
2008,10,Lucknow,UP,earthquake,4,30.833,83.533,2400,123,1100,890,3,60000.0,0.0,usgs,Medium,post-monsoon
2008,11,Lucknow,UP,earthquake,4,30.74,83.637,2400,123,1100,890,3,60000.0,0.0,usgs,Medium,post-monsoon
2008,12,Lucknow,UP,earthquake,6,29.948,82.051,2400,123,1100,890,3,220000.0,0.0,usgs,High,winter
2009,2,Lucknow,UP,earthquake,6,30.667,83.857,2400,123,1100,890,3,220000.0,0.0,usgs,High,winter
2009,3,Lucknow,UP,earthquake,4,30.634,83.734,2400,123,1100,890,3,60000.0,0.0,usgs,Medium,summer
2009,6,Lucknow,UP,earthquake,4,30.794,83.485,2400,123,1100,890,3,60000.0,0.0,usgs,Medium,monsoon
2009,9,Lucknow,UP,earthquake,6,30.888,83.49,2400,123,1100,890,3,220000.0,0.0,usgs,High,monsoon
2009,10,Lucknow,UP,earthquake,4,29.643,84.585,2400,123,1100,890,3,60000.0,0.0,usgs,Medium,post-monsoon
2009,11,Lucknow,UP,earthquake,6,30.762,83.448,2400,123,1100,890,3,220000.0,0.0,usgs,High,post-monsoon
2009,12,Lucknow,UP,earthquake,4,30.686,83.769,2400,123,1100,890,3,60000.0,0.0,usgs,Medium,winter
2010,1,Lucknow,UP,earthquake,6,30.646,83.791,2400,123,1100,890,3,220000.0,0.0,usgs,High,winter
2010,2,Lucknow,UP,earthquake,4,29.701,81.68,2400,123,1100,890,3,60000.0,0.0,usgs,Medium,winter
2010,3,Lucknow,UP,earthquake,4,30.427,83.839,2400,123,1100,890,3,60000.0,0.0,usgs,Medium,summer
2010,6,Lucknow,UP,earthquake,6,29.872,80.428,2400,123,1100,890,3,220000.0,0.0,usgs,High,monsoon
2010,7,Lucknow,UP,earthquake,6,29.841,80.397,2400,123,1100,890,3,220000.0,0.0,usgs,High,monsoon
2010,10,Lucknow,UP,earthquake,4,28.492,85.647,2400,123,1100,890,3,60000.0,0.0,usgs,Medium,post-monsoon
2010,11,Lucknow,UP,earthquake,4,28.466,82.741,2400,123,1100,890,3,60000.0,0.0,usgs,Medium,post-monsoon
2011,4,Lucknow,UP,earthquake,6,29.698,80.754,2400,123,1100,890,3,220000.0,0.0,usgs,High,summer
2011,5,Lucknow,UP,earthquake,4,30.323,80.433,2400,123,1100,890,3,60000.0,0.0,usgs,Medium,summer
2011,7,Lucknow,UP,earthquake,4,30.342,83.727,2400,123,1100,890,3,60000.0,0.0,usgs,Medium,monsoon
2011,8,Lucknow,UP,earthquake,4,29.548,81.527,2400,123,1100,890,3,60000.0,0.0,usgs,Medium,monsoon
2011,11,Lucknow,UP,earthquake,4,30.212,83.002,2400,123,1100,890,3,60000.0,0.0,usgs,Medium,post-monsoon
2012,1,Lucknow,UP,earthquake,4,29.456,81.89,2400,123,1100,890,3,60000.0,0.0,usgs,Medium,winter
2012,2,Lucknow,UP,earthquake,4,29.682,81.086,2400,123,1100,890,3,60000.0,0.0,usgs,Medium,winter
2012,3,Lucknow,UP,earthquake,4,29.015,82.321,2400,123,1100,890,3,60000.0,0.0,usgs,Medium,summer
2012,5,Lucknow,UP,earthquake,4,30.822,83.466,2400,123,1100,890,3,60000.0,0.0,usgs,Medium,summer
2012,6,Lucknow,UP,earthquake,4,28.4,84.126,2400,123,1100,890,3,60000.0,0.0,usgs,Medium,monsoon
2012,7,Lucknow,UP,earthquake,4,28.745,82.442,2400,123,1100,890,3,60000.0,0.0,usgs,Medium,monsoon
2012,8,Lucknow,UP,earthquake,6,28.47,82.69,2400,123,1100,890,3,220000.0,0.0,usgs,High,monsoon
2012,10,Lucknow,UP,earthquake,6,23.769,81.314,2400,123,1100,890,3,220000.0,0.0,usgs,High,post-monsoon
2012,11,Lucknow,UP,earthquake,4,29.46,81.479,2400,123,1100,890,3,60000.0,0.0,usgs,Medium,post-monsoon
2013,1,Lucknow,UP,earthquake,6,29.694,81.711,2400,123,1100,890,3,220000.0,0.0,usgs,High,winter
2013,3,Lucknow,UP,earthquake,6,28.758,82.294,2400,123,1100,890,3,220000.0,0.0,usgs,High,summer
2013,5,Lucknow,UP,earthquake,4,29.4,82.015,2400,123,1100,890,3,60000.0,0.0,usgs,Medium,summer
2013,6,Lucknow,UP,earthquake,6,28.655,82.279,2400,123,1100,890,3,220000.0,0.0,usgs,High,monsoon
2013,8,Lucknow,UP,earthquake,4,28.0742,85.7479,2400,123,1100,890,3,60000.0,0.0,usgs,Medium,monsoon
2013,9,Lucknow,UP,earthquake,4,30.9206,83.2204,2400,123,1100,890,3,60000.0,0.0,usgs,Medium,monsoon
2013,11,Lucknow,UP,earthquake,4,29.3825,81.8689,2400,123,1100,890,3,60000.0,0.0,usgs,Medium,post-monsoon
2014,6,Lucknow,UP,earthquake,4,30.2645,81.6031,2400,123,1100,890,3,60000.0,0.0,usgs,Medium,monsoon
2014,7,Lucknow,UP,earthquake,4,29.4202,81.099,2400,123,1100,890,3,60000.0,0.0,usgs,Medium,monsoon
2014,8,Lucknow,UP,earthquake,4,29.1576,85.322,2400,123,1100,890,3,60000.0,0.0,usgs,Medium,monsoon
2014,10,Lucknow,UP,earthquake,4,30.4289,82.1111,2400,123,1100,890,3,60000.0,0.0,usgs,Medium,post-monsoon
2014,11,Lucknow,UP,earthquake,4,28.2061,84.7414,2400,123,1100,890,3,60000.0,0.0,usgs,Medium,post-monsoon
2015,1,Lucknow,UP,earthquake,4,28.2987,83.9732,2400,123,1100,890,3,60000.0,0.0,usgs,Medium,winter
2015,4,Lucknow,UP,earthquake,10,28.2305,84.7314,2400,123,1100,890,3,1500000.0,0.0,usgs,Critical,summer
2015,5,Lucknow,UP,earthquake,6,27.783,84.6384,2400,123,1100,890,3,220000.0,0.0,usgs,High,summer
2015,6,Lucknow,UP,earthquake,4,27.4724,85.7525,2400,123,1100,890,3,60000.0,0.0,usgs,Medium,monsoon
2015,7,Lucknow,UP,earthquake,4,29.6068,81.733,2400,123,1100,890,3,60000.0,0.0,usgs,Medium,monsoon
2015,8,Lucknow,UP,earthquake,4,27.6519,85.6673,2400,123,1100,890,3,60000.0,0.0,usgs,Medium,monsoon
2015,9,Lucknow,UP,earthquake,4,27.7769,85.8162,2400,123,1100,890,3,60000.0,0.0,usgs,Medium,monsoon
2015,10,Lucknow,UP,earthquake,4,27.8771,84.8817,2400,123,1100,890,3,60000.0,0.0,usgs,Medium,post-monsoon
2015,11,Lucknow,UP,earthquake,6,27.8525,85.6776,2400,123,1100,890,3,220000.0,0.0,usgs,High,post-monsoon
2015,12,Lucknow,UP,earthquake,6,29.3985,81.6541,2400,123,1100,890,3,220000.0,0.0,usgs,High,winter
2016,1,Lucknow,UP,earthquake,4,29.6353,84.2685,2400,123,1100,890,3,60000.0,0.0,usgs,Medium,winter
2016,2,Lucknow,UP,earthquake,6,27.9633,84.6943,2400,123,1100,890,3,220000.0,0.0,usgs,High,winter
2016,3,Lucknow,UP,earthquake,4,27.8164,85.5483,2400,123,1100,890,3,60000.0,0.0,usgs,Medium,summer
2016,4,Lucknow,UP,earthquake,4,27.6354,85.3002,2400,123,1100,890,3,60000.0,0.0,usgs,Medium,summer
2016,5,Lucknow,UP,earthquake,4,28.0097,85.4237,2400,123,1100,890,3,60000.0,0.0,usgs,Medium,summer
2016,6,Lucknow,UP,earthquake,4,29.5553,81.1306,2400,123,1100,890,3,60000.0,0.0,usgs,Medium,monsoon
2016,7,Lucknow,UP,earthquake,4,29.5139,81.0984,2400,123,1100,890,3,60000.0,0.0,usgs,Medium,monsoon
2016,9,Lucknow,UP,earthquake,4,27.8196,85.4746,2400,123,1100,890,3,60000.0,0.0,usgs,Medium,monsoon
2016,12,Lucknow,UP,earthquake,6,29.979,80.6321,2400,123,1100,890,3,220000.0,0.0,usgs,High,winter
2017,1,Lucknow,UP,earthquake,4,30.4946,83.7309,2400,123,1100,890,3,60000.0,0.0,usgs,Medium,winter
2017,2,Lucknow,UP,earthquake,6,30.6877,83.3674,2400,123,1100,890,3,220000.0,0.0,usgs,High,winter
2017,3,Lucknow,UP,earthquake,4,30.5998,83.6889,2400,123,1100,890,3,60000.0,0.0,usgs,Medium,summer
2017,4,Lucknow,UP,earthquake,4,29.6836,81.3034,2400,123,1100,890,3,60000.0,0.0,usgs,Medium,summer
2017,7,Lucknow,UP,earthquake,4,30.6609,82.7985,2400,123,1100,890,3,60000.0,0.0,usgs,Medium,monsoon
2017,8,Lucknow,UP,earthquake,4,29.3871,81.1558,2400,123,1100,890,3,60000.0,0.0,usgs,Medium,monsoon
2017,11,Lucknow,UP,earthquake,4,29.6127,81.2918,2400,123,1100,890,3,60000.0,0.0,usgs,Medium,post-monsoon
2018,4,Lucknow,UP,earthquake,4,24.1313,82.5522,2400,123,1100,890,3,60000.0,0.0,usgs,Medium,summer
2018,6,Lucknow,UP,earthquake,4,27.8919,84.8272,2400,123,1100,890,3,60000.0,0.0,usgs,Medium,monsoon
2018,9,Lucknow,UP,earthquake,4,23.4903,82.446,2400,123,1100,890,3,60000.0,0.0,usgs,Medium,monsoon
2018,10,Lucknow,UP,earthquake,4,28.7099,81.4792,2400,123,1100,890,3,60000.0,0.0,usgs,Medium,post-monsoon
2018,11,Lucknow,UP,earthquake,4,29.9248,80.6472,2400,123,1100,890,3,60000.0,0.0,usgs,Medium,post-monsoon
2018,12,Lucknow,UP,earthquake,4,27.7764,85.5548,2400,123,1100,890,3,60000.0,0.0,usgs,Medium,winter
2019,4,Lucknow,UP,earthquake,4,27.7651,85.0667,2400,123,1100,890,3,60000.0,0.0,usgs,Medium,summer
2019,5,Lucknow,UP,earthquake,4,29.5741,81.4056,2400,123,1100,890,3,60000.0,0.0,usgs,Medium,summer
2019,8,Lucknow,UP,earthquake,4,28.4321,83.3273,2400,123,1100,890,3,60000.0,0.0,usgs,Medium,monsoon
2019,9,Lucknow,UP,earthquake,4,30.026,81.5319,2400,123,1100,890,3,60000.0,0.0,usgs,Medium,monsoon
2019,11,Lucknow,UP,earthquake,6,29.3228,81.1433,2400,123,1100,890,3,220000.0,0.0,usgs,High,post-monsoon
2019,12,Lucknow,UP,earthquake,4,27.9194,85.7168,2400,123,1100,890,3,60000.0,0.0,usgs,Medium,winter
2020,1,Lucknow,UP,earthquake,4,29.4841,81.5921,2400,123,1100,890,3,60000.0,0.0,usgs,Medium,winter
2020,3,Lucknow,UP,earthquake,4,28.2184,83.5923,2400,123,1100,890,3,60000.0,0.0,usgs,Medium,summer
2020,5,Lucknow,UP,earthquake,4,27.8896,84.8784,2400,123,1100,890,3,60000.0,0.0,usgs,Medium,summer
2020,8,Lucknow,UP,earthquake,4,29.556,80.9299,2400,123,1100,890,3,60000.0,0.0,usgs,Medium,monsoon
2020,10,Lucknow,UP,earthquake,4,29.4069,80.8988,2400,123,1100,890,3,60000.0,0.0,usgs,Medium,post-monsoon
2021,2,Lucknow,UP,earthquake,4,28.8039,84.0135,2400,123,1100,890,3,60000.0,0.0,usgs,Medium,winter
2021,5,Lucknow,UP,earthquake,6,28.2785,84.3373,2400,123,1100,890,3,220000.0,0.0,usgs,High,summer
2021,10,Lucknow,UP,earthquake,4,27.8507,85.7193,2400,123,1100,890,3,60000.0,0.0,usgs,Medium,post-monsoon
2021,12,Lucknow,UP,earthquake,4,29.9056,80.3449,2400,123,1100,890,3,60000.0,0.0,usgs,Medium,winter
2022,1,Lucknow,UP,earthquake,4,29.9803,80.3548,2400,123,1100,890,3,60000.0,0.0,usgs,Medium,winter
2022,5,Lucknow,UP,earthquake,4,29.9682,80.4219,2400,123,1100,890,3,60000.0,0.0,usgs,Medium,summer
2022,6,Lucknow,UP,earthquake,4,28.3742,83.8247,2400,123,1100,890,3,60000.0,0.0,usgs,Medium,monsoon
2022,7,Lucknow,UP,earthquake,4,23.3819,82.5056,2400,123,1100,890,3,60000.0,0.0,usgs,Medium,monsoon
2022,8,Lucknow,UP,earthquake,4,28.0619,81.1968,2400,123,1100,890,3,60000.0,0.0,usgs,Medium,monsoon
2022,9,Lucknow,UP,earthquake,4,31.2049,82.7913,2400,123,1100,890,3,60000.0,0.0,usgs,Medium,monsoon
2022,10,Lucknow,UP,earthquake,4,29.5573,81.0921,2400,123,1100,890,3,60000.0,0.0,usgs,Medium,post-monsoon
2022,11,Lucknow,UP,earthquake,6,29.3523,81.1777,2400,123,1100,890,3,220000.0,0.0,usgs,High,post-monsoon
2022,12,Lucknow,UP,earthquake,4,28.4898,83.1553,2400,123,1100,890,3,60000.0,0.0,usgs,Medium,winter
2023,1,Lucknow,UP,earthquake,6,29.5825,81.6638,2400,123,1100,890,3,220000.0,0.0,usgs,High,winter
2023,2,Lucknow,UP,earthquake,4,29.7352,81.127,2400,123,1100,890,3,60000.0,0.0,usgs,Medium,winter
2023,3,Lucknow,UP,earthquake,4,29.6326,81.828,2400,123,1100,890,3,60000.0,0.0,usgs,Medium,summer
2023,4,Lucknow,UP,earthquake,6,29.6212,81.5483,2400,123,1100,890,3,220000.0,0.0,usgs,High,summer
2023,5,Lucknow,UP,earthquake,4,29.6551,81.2484,2400,123,1100,890,3,60000.0,0.0,usgs,Medium,summer
2023,6,Lucknow,UP,earthquake,4,29.71,81.5777,2400,123,1100,890,3,60000.0,0.0,usgs,Medium,monsoon
2023,8,Lucknow,UP,earthquake,4,30.2183,80.7013,2400,123,1100,890,3,60000.0,0.0,usgs,Medium,monsoon
2023,10,Lucknow,UP,earthquake,6,27.8879,84.7252,2400,123,1100,890,3,220000.0,0.0,usgs,High,post-monsoon
2023,11,Lucknow,UP,earthquake,6,28.8564,82.0652,2400,123,1100,890,3,220000.0,0.0,usgs,High,post-monsoon
2023,12,Lucknow,UP,earthquake,4,27.727,85.799,2400,123,1100,890,3,60000.0,0.0,usgs,Medium,winter
2024,1,Lucknow,UP,earthquake,4,29.522,81.1253,2400,123,1100,890,3,60000.0,0.0,usgs,Medium,winter
2024,3,Lucknow,UP,earthquake,4,30.4045,80.6613,2400,123,1100,890,3,60000.0,0.0,usgs,Medium,summer
2024,5,Lucknow,UP,earthquake,4,29.7381,81.0068,2400,123,1100,890,3,60000.0,0.0,usgs,Medium,summer
2024,8,Lucknow,UP,earthquake,4,28.6347,84.3475,2400,123,1100,890,3,60000.0,0.0,usgs,Medium,monsoon
2024,9,Lucknow,UP,earthquake,4,29.9563,82.1893,2400,123,1100,890,3,60000.0,0.0,usgs,Medium,monsoon
2024,10,Lucknow,UP,earthquake,4,30.5673,84.194,2400,123,1100,890,3,60000.0,0.0,usgs,Medium,post-monsoon
2024,12,Lucknow,UP,earthquake,6,29.4923,81.6099,2400,123,1100,890,3,220000.0,0.0,usgs,High,winter
2013,6,Mumbai,Maharashtra,earthquake,4,19.884,68.094,20667,14,0,2167,3,60000.0,0.0,usgs,Medium,monsoon
2015,12,Mumbai,Maharashtra,earthquake,4,18.4361,71.1922,20667,14,0,2167,3,60000.0,0.0,usgs,Medium,winter
2019,7,Mumbai,Maharashtra,earthquake,4,19.578,72.508,20667,14,0,2167,3,60000.0,0.0,usgs,Medium,monsoon
2019,12,Mumbai,Maharashtra,earthquake,4,20.0829,73.1729,20667,14,0,2167,3,60000.0,0.0,usgs,Medium,winter
2000,3,Pune,Maharashtra,earthquake,6,17.099,73.672,5600,560,150,722,3,220000.0,0.0,usgs,High,summer
2000,4,Pune,Maharashtra,earthquake,4,17.147,73.637,5600,560,150,722,3,60000.0,0.0,usgs,Medium,summer
2000,5,Pune,Maharashtra,earthquake,2,17.202,73.898,5600,560,150,722,3,5000.0,0.0,usgs,Low,summer
2000,9,Pune,Maharashtra,earthquake,6,17.367,73.849,5600,560,150,722,3,220000.0,0.0,usgs,High,monsoon
2000,12,Pune,Maharashtra,earthquake,4,17.041,73.508,5600,560,150,722,3,60000.0,0.0,usgs,Medium,winter
2005,3,Pune,Maharashtra,earthquake,4,16.822,73.276,5600,560,150,722,3,60000.0,0.0,usgs,Medium,summer
2005,6,Pune,Maharashtra,earthquake,4,17.144,73.854,5600,560,150,722,3,60000.0,0.0,usgs,Medium,monsoon
2005,8,Pune,Maharashtra,earthquake,4,17.067,73.773,5600,560,150,722,3,60000.0,0.0,usgs,Medium,monsoon
2005,11,Pune,Maharashtra,earthquake,4,17.65,73.721,5600,560,150,722,3,60000.0,0.0,usgs,Medium,post-monsoon
2005,12,Pune,Maharashtra,earthquake,4,17.285,73.884,5600,560,150,722,3,60000.0,0.0,usgs,Medium,winter
2006,4,Pune,Maharashtra,earthquake,4,17.069,73.689,5600,560,150,722,3,60000.0,0.0,usgs,Medium,summer
2006,5,Pune,Maharashtra,earthquake,2,16.899,73.607,5600,560,150,722,3,5000.0,0.0,usgs,Low,summer
2007,8,Pune,Maharashtra,earthquake,4,17.2,73.7,5600,560,150,722,3,60000.0,0.0,usgs,Medium,monsoon
2007,11,Pune,Maharashtra,earthquake,4,17.151,73.892,5600,560,150,722,3,60000.0,0.0,usgs,Medium,post-monsoon
2008,7,Pune,Maharashtra,earthquake,4,17.644,74.166,5600,560,150,722,3,60000.0,0.0,usgs,Medium,monsoon
2008,9,Pune,Maharashtra,earthquake,6,17.438,73.915,5600,560,150,722,3,220000.0,0.0,usgs,High,monsoon
2009,11,Pune,Maharashtra,earthquake,4,17.056,73.747,5600,560,150,722,3,60000.0,0.0,usgs,Medium,post-monsoon
2009,12,Pune,Maharashtra,earthquake,4,17.123,73.45,5600,560,150,722,3,60000.0,0.0,usgs,Medium,winter
2010,1,Pune,Maharashtra,earthquake,4,17.2,73.73,5600,560,150,722,3,60000.0,0.0,usgs,Medium,winter
2012,4,Pune,Maharashtra,earthquake,4,17.247,73.601,5600,560,150,722,3,60000.0,0.0,usgs,Medium,summer
2017,6,Pune,Maharashtra,earthquake,4,16.6688,73.576,5600,560,150,722,3,60000.0,0.0,usgs,Medium,monsoon
2017,8,Pune,Maharashtra,earthquake,4,16.3657,73.3863,5600,560,150,722,3,60000.0,0.0,usgs,Medium,monsoon
2019,6,Pune,Maharashtra,earthquake,4,17.1576,73.7769,5600,560,150,722,3,60000.0,0.0,usgs,Medium,monsoon
2022,7,Pune,Maharashtra,earthquake,4,16.9254,75.7188,5600,560,150,722,3,60000.0,0.0,usgs,Medium,monsoon
2000,8,Surat,Gujarat,earthquake,4,21.458,71.123,8200,13,20,1143,3,60000.0,0.0,usgs,Medium,monsoon
2007,11,Surat,Gujarat,earthquake,6,21.181,70.724,8200,13,20,1143,3,220000.0,0.0,usgs,High,post-monsoon
2008,10,Surat,Gujarat,earthquake,2,21.223,70.995,8200,13,20,1143,3,5000.0,0.0,usgs,Low,post-monsoon
2009,1,Surat,Gujarat,earthquake,4,21.585,75.332,8200,13,20,1143,3,60000.0,0.0,usgs,Medium,winter
2011,10,Surat,Gujarat,earthquake,6,21.211,70.533,8200,13,20,1143,3,220000.0,0.0,usgs,High,post-monsoon
2016,7,Surat,Gujarat,earthquake,4,21.4276,71.5526,8200,13,20,1143,3,60000.0,0.0,usgs,Medium,monsoon
2019,3,Surat,Gujarat,earthquake,4,20.2344,72.8943,8200,13,20,1143,3,60000.0,0.0,usgs,Medium,summer
2020,11,Surat,Gujarat,earthquake,2,21.5017,73.219,8200,13,20,1143,3,5000.0,0.0,usgs,Low,post-monsoon
2021,5,Surat,Gujarat,earthquake,4,20.6607,71.4793,8200,13,20,1143,3,60000.0,0.0,usgs,Medium,summer
2014,11,Visakhapatnam,AP,earthquake,4,16.0932,86.0768,3400,45,0,1020,3,60000.0,0.0,usgs,Medium,post-monsoon
2019,2,Visakhapatnam,AP,earthquake,4,14.3974,85.73,3400,45,0,1020,3,60000.0,0.0,usgs,Medium,winter
2022,1,Visakhapatnam,AP,earthquake,4,17.562,84.9267,3400,45,0,1020,3,60000.0,0.0,usgs,Medium,winter
2004,12,Chennai,Tamil Nadu,tsunami,10,13.082,80.27,7088,6,0,1400,3,2800000.0,10749.0,ndma,Critical,winter
2005,7,Mumbai,Maharashtra,flood,9,19.076,72.877,20667,14,0,2167,3,1500000.0,1094.0,ndma,Critical,monsoon
2008,8,Bhubaneswar,Odisha,flood,8,20.296,85.824,3500,45,120,1500,3,2300000.0,107.0,ndma,Critical,monsoon
2013,6,Bhopal,MP,flood,8,23.259,77.412,3400,527,700,1146,2,850000.0,5748.0,ndma,Critical,monsoon
2014,10,Visakhapatnam,AP,cyclone,9,17.686,83.218,3400,45,0,1020,3,12000000.0,61.0,ndma,Critical,post-monsoon
2015,11,Chennai,Tamil Nadu,flood,9,13.082,80.27,7088,6,0,1400,3,4000000.0,500.0,ndma,Critical,post-monsoon
2016,10,Bhubaneswar,Odisha,cyclone,8,20.296,85.824,3500,45,120,1500,3,600000.0,33.0,ndma,High,post-monsoon
2018,8,Kochi,Kerala,flood,10,9.931,76.267,2100,8,0,3067,3,5400000.0,483.0,ndma,Critical,monsoon
2019,10,Visakhapatnam,AP,cyclone,9,17.686,83.218,3400,45,0,1020,3,1000000.0,89.0,ndma,Critical,post-monsoon
2020,5,Bhubaneswar,Odisha,cyclone,9,20.296,85.824,3500,45,120,1500,3,3800000.0,128.0,ndma,Critical,summer
2021,7,Mumbai,Maharashtra,landslide,8,19.076,72.877,20667,14,0,2167,3,400000.0,229.0,ndma,High,monsoon
2021,10,Bhubaneswar,Odisha,cyclone,7,20.296,85.824,3500,45,120,1500,3,1200000.0,3.0,ndma,Critical,post-monsoon
2022,6,Bhopal,MP,flood,7,23.259,77.412,3400,527,700,1146,2,500000.0,88.0,ndma,High,monsoon
2022,9,Ahmedabad,Gujarat,flood,8,23.022,72.571,9000,53,260,782,3,800000.0,196.0,ndma,High,monsoon
2023,7,Delhi,Delhi,flood,8,28.704,77.102,11320,216,1400,797,4,350000.0,44.0,ndma,High,monsoon
2023,7,Bhopal,MP,flood,7,23.259,77.412,3400,527,700,1146,2,450000.0,72.0,ndma,High,monsoon
2023,10,Chennai,Tamil Nadu,cyclone,7,13.082,80.27,7088,6,0,1400,3,700000.0,13.0,ndma,High,post-monsoon
2001,1,Ahmedabad,Gujarat,earthquake,10,23.022,72.571,9000,53,260,782,3,600000.0,20005.0,ndma,Critical,winter
2004,9,Pune,Maharashtra,flood,7,18.52,73.856,5600,560,150,722,3,200000.0,29.0,ndma,High,monsoon
2009,10,Kochi,Kerala,flood,7,9.931,76.267,2100,8,0,3067,3,300000.0,180.0,ndma,High,post-monsoon
2010,8,Delhi,Delhi,flood,6,28.704,77.102,11320,216,1400,797,4,500000.0,43.0,ndma,High,monsoon
2011,9,Delhi,Delhi,earthquake,5,28.704,77.102,11320,216,1400,797,4,50000.0,97.0,ndma,Medium,monsoon
2012,8,Lucknow,UP,flood,7,26.846,80.946,2400,123,1100,890,3,1200000.0,502.0,ndma,Critical,monsoon
2016,4,Chennai,Tamil Nadu,heatwave,9,13.082,80.27,7088,6,0,1400,3,400000.0,400.0,ndma,High,summer
2019,6,Delhi,Delhi,heatwave,9,28.704,77.102,11320,216,1400,797,4,500000.0,184.0,ndma,High,monsoon
2020,3,Delhi,Delhi,heatwave,7,28.704,77.102,11320,216,1400,797,4,300000.0,22.0,ndma,High,summer
2003,5,Ahmedabad,Gujarat,heatwave,9,23.022,72.571,9000,53,260,782,3,800000.0,1210.0,ndma,Critical,summer
2015,5,Hyderabad,Telangana,heatwave,10,17.385,78.486,18480,542,560,812,2,1200000.0,2500.0,ndma,Critical,summer
2017,8,Mumbai,Maharashtra,flood,8,19.076,72.877,20667,14,0,2167,3,800000.0,1200.0,ndma,Critical,monsoon
2022,5,Kolkata,West Bengal,cyclone,7,22.572,88.363,24252,9,130,1582,3,1500000.0,2.0,ndma,Critical,summer
